image_path,Sampling_Date,State,Species,Pre_GSHH_NDVI,Height_Ave_cm,Dry_Clover_g,Dry_Dead_g,Dry_Green_g,Dry_Total_g,GDM_g,abs_path,fold_id,Dry_Green_g_pred,Dry_Clover_g_pred,Dry_Dead_g_pred,GDM_g_pred,Dry_Total_g_pred
train/ID1011485656.jpg,2015/9/4,Tas,Ryegrass_Clover,0.62,4.6667,0.0,31.9984,16.2751,48.2735,16.275,/notebooks/kaggle/csiro/train/ID1011485656.jpg,0,17.118351,0.30568734,36.007355,17.51256,51.881493
train/ID1012260530.jpg,2015/4/1,NSW,Lucerne,0.55,16.0,0.0,0.0,7.6,7.6,7.6,/notebooks/kaggle/csiro/train/ID1012260530.jpg,1,7.7227635,0.06232266,0.06838932,8.825125,9.653315
train/ID1025234388.jpg,2015/9/1,WA,SubcloverDalkeith,0.38,1.0,6.05,0.0,0.0,6.05,6.05,/notebooks/kaggle/csiro/train/ID1025234388.jpg,1,0.012797729,6.8406806,0.23050566,6.2446046,7.056628
train/ID1028611175.jpg,2015/5/18,Tas,Ryegrass,0.66,5.0,0.0,30.9703,24.2376,55.2079,24.2376,/notebooks/kaggle/csiro/train/ID1028611175.jpg,3,26.149096,0.21552989,30.272493,26.307255,62.76615
train/ID1035947949.jpg,2015/9/11,Tas,Ryegrass,0.54,3.5,0.4343,23.2239,10.5261,34.1844,10.9605,/notebooks/kaggle/csiro/train/ID1035947949.jpg,2,7.6825204,0.47365338,18.81075,7.832296,26.664953
train/ID1036339023.jpg,2015/9/30,Vic,Phalaris_Clover,0.82,7.0,23.0755,2.6135,32.191,57.88,55.2665,/notebooks/kaggle/csiro/train/ID1036339023.jpg,3,38.063454,20.036074,4.93449,63.02643,69.45759
train/ID1049634115.jpg,2015/7/2,Vic,Ryegrass_Clover,0.72,2.0,1.5083,3.0167,13.575,18.1,15.0833,/notebooks/kaggle/csiro/train/ID1049634115.jpg,2,12.119466,1.9119136,3.9926171,14.04657,20.700075
train/ID1051144034.jpg,2015/9/1,WA,SubcloverLosa,0.8,1.0,55.32,0.0,0.0,55.32,55.32,/notebooks/kaggle/csiro/train/ID1051144034.jpg,1,0.28239,79.43178,0.3273658,64.0524,64.89485
train/ID1052620238.jpg,2015/5/18,Tas,Ryegrass,0.68,5.0,0.0,11.2291,20.1707,31.3998,20.1707,/notebooks/kaggle/csiro/train/ID1052620238.jpg,3,21.12351,0.063289694,9.165864,20.259436,34.576187
train/ID105271783.jpg,2015/6/30,Vic,Phalaris_Clover,0.86,4.0,5.2698,8.5635,27.6667,41.5,32.9365,/notebooks/kaggle/csiro/train/ID105271783.jpg,3,27.849022,5.965189,11.711033,36.91284,54.488907
train/ID1053972079.jpg,2015/9/4,Tas,Clover,0.56,2.5,21.0801,7.9393,1.3688,30.3882,22.4489,/notebooks/kaggle/csiro/train/ID1053972079.jpg,0,2.2592168,15.251091,6.8529677,18.407091,29.108913
train/ID1058383417.jpg,2015/5/19,Tas,Ryegrass_Clover,0.62,2.0,0.1,9.5,13.1,22.7,13.2,/notebooks/kaggle/csiro/train/ID1058383417.jpg,4,10.517778,0.5677308,14.28586,10.926651,27.63319
train/ID1062837331.jpg,2015/9/29,Vic,Ryegrass_Clover,0.82,9.0,19.98,3.9623,35.4077,59.35,55.3877,/notebooks/kaggle/csiro/train/ID1062837331.jpg,1,34.669746,22.685791,4.2256308,61.88876,72.15485
train/ID1070112260.jpg,2015/1/15,NSW,Fescue_CrumbWeed,0.6,6.0,0.0,9.8765,22.1235,32.0,22.1235,/notebooks/kaggle/csiro/train/ID1070112260.jpg,4,17.860987,0.058887266,11.57267,20.084126,32.422703
train/ID1078930021.jpg,2015/6/26,Vic,Phalaris_Ryegrass_Clover,0.86,5.0,0.0,5.0189,32.9811,38.0,32.9811,/notebooks/kaggle/csiro/train/ID1078930021.jpg,4,31.7472,0.83546394,6.3757887,32.20814,41.17991
train/ID1084819986.jpg,2015/9/4,Tas,Clover,0.69,3.1667,21.4551,13.0742,2.6819,37.2112,24.137,/notebooks/kaggle/csiro/train/ID1084819986.jpg,0,3.4411757,21.832413,10.8755455,25.476501,41.347122
train/ID1088965591.jpg,2015/4/1,NSW,Lucerne,0.89,43.0,0.0,0.3443,59.5557,59.9,59.5557,/notebooks/kaggle/csiro/train/ID1088965591.jpg,1,66.423454,0.03348246,0.7220291,69.103584,70.06853
train/ID1098771283.jpg,2015/11/9,Tas,Clover,0.48,2.6667,8.376,15.1673,0.4528,23.9961,8.8287,/notebooks/kaggle/csiro/train/ID1098771283.jpg,2,0.34808335,10.083104,9.567944,11.091255,24.61914
train/ID1103883611.jpg,2015/2/24,NSW,Phalaris,0.48,26.0,0.0,12.9166,82.7834,95.7,82.7834,/notebooks/kaggle/csiro/train/ID1103883611.jpg,2,90.6066,0.24687478,5.299024,93.36391,103.678085
train/ID1108283583.jpg,2015/8/19,Vic,Phalaris_Ryegrass_Clover,0.83,5.5,5.773,7.2162,40.4108,53.4,46.1838,/notebooks/kaggle/csiro/train/ID1108283583.jpg,4,39.346775,4.8826027,8.102532,45.675926,55.59233
train/ID1113121340.jpg,2015/9/30,Vic,Phalaris_Clover,0.8,16.0,0.2931,11.6271,82.6598,94.58,82.9529,/notebooks/kaggle/csiro/train/ID1113121340.jpg,3,67.56364,0.5478404,11.060675,62.441612,79.78863
train/ID1113329413.jpg,2015/6/29,Tas,WhiteClover,0.72,3.0,20.6523,21.1112,1.3768,43.1403,22.0291,/notebooks/kaggle/csiro/train/ID1113329413.jpg,1,1.546111,21.826206,15.97691,22.490839,49.226288
train/ID1119739385.jpg,2015/5/18,Tas,Ryegrass,0.28,4.0,0.0,3.0,6.8,9.8,6.8,/notebooks/kaggle/csiro/train/ID1119739385.jpg,3,7.3459673,0.06681736,4.390926,6.82447,13.0774975
train/ID1119761112.jpg,2015/5/7,NSW,Fescue,0.42,4.0,0.0,32.4486,22.9514,55.4,22.9514,/notebooks/kaggle/csiro/train/ID1119761112.jpg,0,25.264591,0.14709286,21.341595,24.596523,51.056435
train/ID1121692672.jpg,2015/2/24,NSW,Phalaris,0.52,38.0,0.0,1.3958,109.8042,111.2,109.8042,/notebooks/kaggle/csiro/train/ID1121692672.jpg,2,104.05449,0.18416487,1.4840411,104.39132,112.15927
train/ID1127246618.jpg,2015/5/18,Tas,Ryegrass,0.77,7.0,3.0196,25.8824,32.3529,61.2549,35.3725,/notebooks/kaggle/csiro/train/ID1127246618.jpg,3,28.766783,1.1327461,23.887083,32.38016,60.627472
train/ID112966473.jpg,2015/8/14,Vic,Ryegrass_Clover,0.74,3.0,11.2,2.8,19.6,33.6,30.8,/notebooks/kaggle/csiro/train/ID112966473.jpg,0,17.06691,7.0763116,2.3507247,26.512455,30.520319
train/ID1131079710.jpg,2015/11/9,Tas,Clover,0.57,1.5,15.4794,11.119,1.5261,28.1246,17.0055,/notebooks/kaggle/csiro/train/ID1131079710.jpg,2,1.0667691,11.678575,9.285304,15.46314,27.955418
train/ID1136169672.jpg,2015/5/18,Tas,Ryegrass,0.62,5.0,0.0,6.808,16.3107,23.1187,16.3108,/notebooks/kaggle/csiro/train/ID1136169672.jpg,3,15.621149,0.3584837,16.56332,16.494423,36.08825
train/ID1139866256.jpg,2015/5/7,NSW,Fescue,0.66,13.0,0.0,83.8407,74.0593,157.9,74.0593,/notebooks/kaggle/csiro/train/ID1139866256.jpg,0,77.081795,0.7637538,63.927696,69.17053,135.44812
train/ID1139918758.jpg,2015/8/21,WA,Clover,0.79,3.0,58.34,0.0,0.0,58.34,58.34,/notebooks/kaggle/csiro/train/ID1139918758.jpg,2,1.3142018,54.41828,0.5441885,54.652916,59.3749
train/ID1140993511.jpg,2015/8/14,Vic,Ryegrass_Clover,0.71,2.0,4.6,2.3,16.1,23.0,20.7,/notebooks/kaggle/csiro/train/ID1140993511.jpg,0,13.42601,5.2810593,2.7953842,18.9208,23.110058
train/ID1148528732.jpg,2015/8/18,Vic,Phalaris_Clover,0.86,3.2,12.4113,0.0,28.0887,40.5,40.5,/notebooks/kaggle/csiro/train/ID1148528732.jpg,4,17.133596,16.100115,3.840886,34.55459,40.424606
train/ID1148666289.jpg,2015/6/26,Vic,Phalaris_Ryegrass_Clover,0.81,3.5,4.0923,14.3231,21.4846,39.9,25.5769,/notebooks/kaggle/csiro/train/ID1148666289.jpg,4,18.007278,4.4539647,13.309559,23.736189,38.33554
train/ID1149598723.jpg,2015/5/7,NSW,Lucerne,0.87,43.0,0.0,5.3831,58.3169,63.7,58.3169,/notebooks/kaggle/csiro/train/ID1149598723.jpg,0,53.621544,0.13624048,5.503129,55.659462,68.90209
train/ID1159071020.jpg,2015/9/30,Vic,Phalaris_Clover,0.74,7.0,1.3191,6.7982,46.5727,54.69,47.8918,/notebooks/kaggle/csiro/train/ID1159071020.jpg,3,53.033134,2.868064,7.2605624,51.7212,64.51741
train/ID1163061745.jpg,2015/6/29,Tas,WhiteClover,0.5,2.0,5.2,6.7,1.2,13.1,6.4,/notebooks/kaggle/csiro/train/ID1163061745.jpg,1,0.48403603,5.4435987,6.9819603,5.9772115,14.770956
train/ID1168534540.jpg,2015/5/7,NSW,Fescue,0.86,9.0,0.0,8.6892,55.6108,64.3,55.6108,/notebooks/kaggle/csiro/train/ID1168534540.jpg,0,62.27282,0.22027491,4.7358246,63.98216,70.62822
train/ID1176292407.jpg,2015/6/26,Tas,Ryegrass_Clover,0.5,3.0,0.1308,16.7365,9.022,25.8893,9.1528,/notebooks/kaggle/csiro/train/ID1176292407.jpg,4,7.1597977,0.21647309,24.52849,7.256549,31.08812
train/ID1182523622.jpg,2015/6/29,Tas,WhiteClover,0.48,2.0,3.1059,14.7193,0.6752,18.5004,3.7811,/notebooks/kaggle/csiro/train/ID1182523622.jpg,1,0.95537794,3.8069756,11.421618,5.1100116,16.986929
train/ID1183807388.jpg,2015/7/1,Tas,Ryegrass,0.7,5.0,0.0,20.9156,20.9156,41.8312,20.9156,/notebooks/kaggle/csiro/train/ID1183807388.jpg,3,19.978172,0.119257964,17.831564,19.545353,40.52821
train/ID1193692654.jpg,2015/9/11,Tas,Ryegrass,0.69,3.1667,0.2727,6.3317,13.4232,20.0276,13.6959,/notebooks/kaggle/csiro/train/ID1193692654.jpg,2,17.589752,0.5816787,11.7083645,18.25087,34.180122
train/ID1199150612.jpg,2015/11/10,Tas,Ryegrass_Clover,0.62,5.5,0.3602,40.7019,27.0146,68.0767,27.3748,/notebooks/kaggle/csiro/train/ID1199150612.jpg,1,20.143885,0.24357958,39.698013,21.107967,56.384926
train/ID1208644039.jpg,2015/7/1,Vic,Phalaris_Clover,0.79,5.0,1.55,7.75,31.0,40.3,32.55,/notebooks/kaggle/csiro/train/ID1208644039.jpg,3,28.687355,2.1232746,5.622922,31.224571,39.949097
train/ID1211362607.jpg,2015/2/24,NSW,Ryegrass,0.58,7.0,0.0,1.3446,66.5554,67.9,66.5554,/notebooks/kaggle/csiro/train/ID1211362607.jpg,2,66.29582,0.11449037,1.3324685,64.496185,64.07448
train/ID121331988.jpg,2015/5/7,NSW,Fescue,0.75,8.0,0.0,21.05,63.15,84.2,63.15,/notebooks/kaggle/csiro/train/ID121331988.jpg,0,72.690834,0.2085789,15.135571,75.159164,98.69732
train/ID1215977190.jpg,2015/5/18,Tas,Ryegrass,0.74,5.0,0.4068,24.8123,30.1002,55.3193,30.507,/notebooks/kaggle/csiro/train/ID1215977190.jpg,3,32.97465,0.08689935,27.155455,32.245155,64.86356
train/ID1217108125.jpg,2015/6/29,Tas,WhiteClover,0.62,2.0,5.9027,8.0594,0.6811,14.6432,6.5838,/notebooks/kaggle/csiro/train/ID1217108125.jpg,1,0.59198296,5.672018,10.844437,7.054658,19.956581
train/ID1237349078.jpg,2015/10/13,Vic,Phalaris_BarleyGrass_SilverGrass_SpearGrass_Clover_Capeweed,0.38,2.5,3.189,26.221,9.39,38.8,12.579,/notebooks/kaggle/csiro/train/ID1237349078.jpg,0,8.406659,3.2973208,25.700563,11.41144,36.64412
train/ID12390962.jpg,2015/5/18,Tas,Ryegrass,0.56,5.0,0.0,15.2,14.0,29.2,14.0,/notebooks/kaggle/csiro/train/ID12390962.jpg,3,16.607372,0.3268485,11.049362,18.130407,33.902657
train/ID1244346858.jpg,2015/10/6,NSW,Fescue,0.45,12.3333,0.0,30.9343,49.2657,80.2,49.2657,/notebooks/kaggle/csiro/train/ID1244346858.jpg,1,45.865723,0.058198888,40.63597,45.860783,85.84339
train/ID1249094008.jpg,2015/6/26,Vic,Ryegrass,0.71,4.0,0.0,16.3603,4.5809,20.9412,4.5809,/notebooks/kaggle/csiro/train/ID1249094008.jpg,4,5.0019712,0.8660113,13.977532,6.008236,20.461094
train/ID1251029854.jpg,2015/5/7,NSW,Fescue,0.55,5.0,0.0,22.0875,36.8125,58.9,36.8125,/notebooks/kaggle/csiro/train/ID1251029854.jpg,0,27.230179,0.2750329,21.563284,27.849064,53.22023
train/ID1254829053.jpg,2015/6/26,Vic,Ryegrass,0.69,4.5,0.0,10.2162,4.2568,14.473,4.2568,/notebooks/kaggle/csiro/train/ID1254829053.jpg,4,6.7588696,0.24155168,12.245012,6.8589687,19.73322
train/ID1268934251.jpg,2015/10/13,Vic,Phalaris_BarleyGrass_SilverGrass_SpearGrass_Clover_Capeweed,0.42,3.3,0.0,24.7869,17.2131,42.0,17.2131,/notebooks/kaggle/csiro/train/ID1268934251.jpg,0,22.15155,0.7177565,27.223614,22.438938,54.815556
train/ID1275072698.jpg,2015/1/15,NSW,Lucerne,0.74,42.0,0.0,2.5,62.0,64.5,62.0,/notebooks/kaggle/csiro/train/ID1275072698.jpg,4,58.1156,0.17984349,2.9587636,63.05207,66.46606
train/ID1277756619.jpg,2015/7/1,Tas,Ryegrass,0.4,3.0,0.0,3.2,6.0,9.2,6.0,/notebooks/kaggle/csiro/train/ID1277756619.jpg,3,6.775983,0.075761214,2.1636803,6.5604725,9.985304
train/ID1291116815.jpg,2015/7/2,Vic,Ryegrass_Clover,0.76,3.0,1.24,3.72,19.84,24.8,21.08,/notebooks/kaggle/csiro/train/ID1291116815.jpg,2,14.828779,2.699126,3.2861283,18.330917,23.80081
train/ID1294770420.jpg,2015/11/9,Tas,Ryegrass_Clover,0.59,3.3333,17.3814,36.1534,14.6004,68.1352,31.9818,/notebooks/kaggle/csiro/train/ID1294770420.jpg,2,11.564017,18.524218,20.870298,36.085545,65.53387
train/ID1314135397.jpg,2015/1/15,NSW,Fescue_CrumbWeed,0.75,6.0,0.0,16.6678,28.0322,44.7,28.0322,/notebooks/kaggle/csiro/train/ID1314135397.jpg,4,27.04485,0.25606614,16.170696,29.109798,44.640205
train/ID13162390.jpg,2015/8/14,Vic,Ryegrass_Clover,0.74,3.0,2.8667,2.8667,20.0667,25.8,22.9333,/notebooks/kaggle/csiro/train/ID13162390.jpg,0,18.647732,4.670975,2.8173618,25.033749,29.148064
train/ID1337107565.jpg,2015/8/21,WA,Clover,0.39,1.0,10.04,0.0,0.0,10.04,10.04,/notebooks/kaggle/csiro/train/ID1337107565.jpg,2,1.0316126,6.927484,0.21098277,7.867181,9.115749
train/ID1343327476.jpg,2015/8/14,Vic,Phalaris_Clover,0.71,5.0,3.1429,3.1429,37.7143,44.0,40.8571,/notebooks/kaggle/csiro/train/ID1343327476.jpg,0,32.92852,4.122109,5.244998,36.805138,45.35993
train/ID1345375788.jpg,2015/6/26,Tas,Ryegrass_Clover,0.6,3.0,2.3762,7.7226,8.7127,18.8115,11.0889,/notebooks/kaggle/csiro/train/ID1345375788.jpg,4,8.4864025,2.6826472,6.4835615,12.468928,21.620518
train/ID135365668.jpg,2015/6/26,Vic,Phalaris_Ryegrass_Clover,0.74,3.0,2.4,1.8667,17.3333,21.6,19.7333,/notebooks/kaggle/csiro/train/ID135365668.jpg,4,14.580925,3.9198155,4.5773864,19.19157,27.027645
train/ID1354190372.jpg,2015/11/10,Tas,Ryegrass_Clover,0.67,3.0,11.2565,6.5255,10.6039,28.3859,21.8604,/notebooks/kaggle/csiro/train/ID1354190372.jpg,1,10.455322,9.070383,7.1437263,19.855473,30.53959
train/ID1357758282.jpg,2015/1/15,NSW,Lucerne,0.77,62.0,0.0,4.8,107.3,112.1,107.3,/notebooks/kaggle/csiro/train/ID1357758282.jpg,4,87.52927,0.17298643,5.2050905,92.245346,99.454994
train/ID1357768767.jpg,2015/2/25,NSW,Fescue,0.68,15.0,0.0,5.4497,104.1503,109.6,104.1503,/notebooks/kaggle/csiro/train/ID1357768767.jpg,0,101.981606,0.15701982,5.4292502,101.99137,111.21391
train/ID1370004842.jpg,2015/10/6,NSW,Fescue,0.55,9.6667,0.0,21.9986,55.8014,77.8,55.8014,/notebooks/kaggle/csiro/train/ID1370004842.jpg,1,43.246246,0.1537151,26.797882,45.740288,77.25163
train/ID1374789439.jpg,2015/7/1,Vic,Phalaris_Clover,0.74,4.0,1.3556,1.3556,21.6889,24.4,23.0444,/notebooks/kaggle/csiro/train/ID1374789439.jpg,3,25.34021,1.6878207,5.114256,26.340445,34.330418
train/ID1385921939.jpg,2015/5/7,NSW,Lucerne,0.79,32.0,0.0,6.8243,43.6757,50.5,43.6757,/notebooks/kaggle/csiro/train/ID1385921939.jpg,0,36.62417,0.12727633,6.987235,40.667057,53.20082
train/ID1386202352.jpg,2015/5/19,Tas,Ryegrass_Clover,0.86,5.0,0.0,12.1549,35.0834,47.2383,35.0834,/notebooks/kaggle/csiro/train/ID1386202352.jpg,4,33.537373,0.2941212,9.934574,33.425987,45.929825
train/ID1395011773.jpg,2015/10/13,Vic,Phalaris_BarleyGrass_SilverGrass_SpearGrass_Clover_Capeweed,0.52,3.2,10.0895,11.9667,13.8438,35.9,23.9333,/notebooks/kaggle/csiro/train/ID1395011773.jpg,0,11.596802,8.264521,14.829201,18.890776,35.641273
train/ID1403078396.jpg,2015/9/4,Tas,Clover,0.42,2.3333,5.3,8.3,1.5,15.1,6.8,/notebooks/kaggle/csiro/train/ID1403078396.jpg,0,1.1258234,6.5391035,7.46174,8.336585,17.849815
train/ID1403107574.jpg,2015/8/21,WA,Clover,0.54,1.0,22.69,0.0,0.0,22.69,22.69,/notebooks/kaggle/csiro/train/ID1403107574.jpg,2,2.973864,11.786369,0.33506358,22.86913,23.16854
train/ID1411613934.jpg,2015/10/13,Vic,Phalaris_BarleyGrass_SilverGrass_SpearGrass_Clover_Capeweed,0.49,3.3,6.8937,17.8286,16.8777,41.6,23.7714,/notebooks/kaggle/csiro/train/ID1411613934.jpg,0,13.413475,8.239208,17.253016,22.245453,42.889404
train/ID141370843.jpg,2015/8/14,Vic,Ryegrass_Clover,0.72,4.0,5.6182,5.6182,19.6636,30.9,25.2818,/notebooks/kaggle/csiro/train/ID141370843.jpg,0,20.489714,3.3351207,4.242602,24.870026,31.446457
train/ID1413758094.jpg,2015/9/4,Tas,Ryegrass_Clover,0.54,5.0,0.8746,46.0532,17.5601,64.4879,18.4347,/notebooks/kaggle/csiro/train/ID1413758094.jpg,0,19.350716,1.1000495,41.85214,20.903496,59.30958
train/ID1414371018.jpg,2015/11/10,Tas,Ryegrass_Clover,0.72,3.1667,14.7281,6.1901,12.3801,33.2982,27.1082,/notebooks/kaggle/csiro/train/ID1414371018.jpg,1,11.972631,10.733866,6.6543946,23.072895,32.157314
train/ID1415329644.jpg,2015/4/1,NSW,Lucerne,0.83,38.0,0.0,0.0,63.3,63.3,63.3,/notebooks/kaggle/csiro/train/ID1415329644.jpg,1,61.666306,0.084958464,0.32770485,69.84489,67.940674
train/ID1421714468.jpg,2015/9/4,Tas,Ryegrass_Clover,0.85,4.5,0.0,36.581,26.6001,63.1811,26.6,/notebooks/kaggle/csiro/train/ID1421714468.jpg,0,31.676458,0.0979355,28.146198,32.28244,64.811615
train/ID142751858.jpg,2015/9/29,Vic,Ryegrass_Clover,0.81,5.0,15.3953,2.417,33.2077,51.02,48.603,/notebooks/kaggle/csiro/train/ID142751858.jpg,1,25.483097,20.42338,3.150155,54.548058,61.46608
train/ID1428837636.jpg,2015/6/29,Tas,WhiteClover,0.7,3.0,10.1663,19.1366,3.8871,33.1901,14.0535,/notebooks/kaggle/csiro/train/ID1428837636.jpg,1,1.0125728,11.220637,21.30672,13.491449,38.563107
train/ID1437386574.jpg,2015/9/30,Vic,Phalaris_Clover,0.75,6.0,5.0001,3.7122,44.1677,52.88,49.1678,/notebooks/kaggle/csiro/train/ID1437386574.jpg,3,47.516243,6.5425677,8.120072,48.82347,59.652588
train/ID1444674500.jpg,2015/7/8,WA,Clover,0.43,1.0,11.64,0.0,3.5,15.14,15.14,/notebooks/kaggle/csiro/train/ID1444674500.jpg,3,3.2698865,13.71484,0.03576869,16.794748,17.12399
train/ID1450399782.jpg,2015/9/11,Tas,Ryegrass,0.86,5.8333,0.1901,19.082,38.202,57.4741,38.3921,/notebooks/kaggle/csiro/train/ID1450399782.jpg,2,38.43689,0.19105941,15.772066,38.954193,59.787186
train/ID1451025862.jpg,2015/11/10,Tas,Ryegrass_Clover,0.53,2.8333,5.3,4.3,6.9,16.5,12.2,/notebooks/kaggle/csiro/train/ID1451025862.jpg,1,8.698477,2.730324,6.3941703,12.635399,21.067888
train/ID1456861072.jpg,2015/6/26,Tas,Ryegrass_Clover,0.37,1.0,0.4,6.0,1.0,7.4,1.4,/notebooks/kaggle/csiro/train/ID1456861072.jpg,4,1.1404036,0.73251855,5.4191227,2.1160657,8.407657
train/ID1457700382.jpg,2015/4/1,NSW,Lucerne,0.7,30.0,0.0,0.0,24.8,24.8,24.8,/notebooks/kaggle/csiro/train/ID1457700382.jpg,1,30.584333,0.022875817,0.29908478,28.89463,30.643572
train/ID1458758610.jpg,2015/10/6,NSW,Fescue,0.49,9.3333,0.0,50.2255,52.4745,102.7,52.4745,/notebooks/kaggle/csiro/train/ID1458758610.jpg,1,47.280525,0.0846445,42.571766,47.44362,90.275826
train/ID1463690813.jpg,2015/4/1,NSW,Lucerne,0.84,35.0,0.0,0.0,58.2,58.2,58.2,/notebooks/kaggle/csiro/train/ID1463690813.jpg,1,61.74563,0.14176317,0.58193856,64.21374,65.953125
train/ID146920896.jpg,2015/5/19,Tas,Ryegrass_Clover,0.36,2.0,0.5,0.4,6.6,7.5,7.1,/notebooks/kaggle/csiro/train/ID146920896.jpg,4,6.184598,0.35029972,1.1606684,6.849765,8.73497
train/ID1471216911.jpg,2015/9/30,Vic,Phalaris_Clover,0.85,16.0,67.8977,11.4857,28.8667,108.25,96.7643,/notebooks/kaggle/csiro/train/ID1471216911.jpg,3,16.19561,63.507034,8.378407,95.0919,112.16214
train/ID1472525822.jpg,2015/1/15,NSW,Fescue_CrumbWeed,0.7,7.0,0.0,16.4891,30.3109,46.8,30.3109,/notebooks/kaggle/csiro/train/ID1472525822.jpg,4,26.075089,0.19956821,15.01684,28.073889,44.879135
train/ID1473228876.jpg,2015/1/15,NSW,Fescue_CrumbWeed,0.72,8.0,0.0,10.0135,28.0865,38.1,28.0865,/notebooks/kaggle/csiro/train/ID1473228876.jpg,4,23.724289,0.124348044,11.428744,25.687227,37.67274
train/ID1474775613.jpg,2015/5/18,Tas,Ryegrass,0.86,10.0,0.0,5.3604,44.3447,49.7051,44.3447,/notebooks/kaggle/csiro/train/ID1474775613.jpg,3,48.733463,0.040274978,8.462669,46.854805,60.62789
train/ID147528735.jpg,2015/1/15,NSW,Lucerne,0.74,52.0,0.0,3.0,53.5,56.5,53.5,/notebooks/kaggle/csiro/train/ID147528735.jpg,4,54.58351,0.15405977,3.2896342,56.938393,61.989765
train/ID1476045099.jpg,2015/8/14,Vic,Ryegrass_Clover,0.77,4.0,6.7778,3.3889,20.3333,30.5,27.1111,/notebooks/kaggle/csiro/train/ID1476045099.jpg,0,18.019255,8.46104,2.4084902,28.790953,32.00913
train/ID1477176296.jpg,2015/8/14,Vic,Ryegrass_Clover,0.77,4.0,1.8308,1.8308,20.1385,23.8,21.9692,/notebooks/kaggle/csiro/train/ID1477176296.jpg,0,21.184738,1.64489,3.0095792,24.011295,28.606102
train/ID1488408526.jpg,2015/2/25,NSW,Fescue,0.48,6.0,0.0,9.8969,28.5031,38.4,28.5031,/notebooks/kaggle/csiro/train/ID1488408526.jpg,0,26.588322,0.053915188,11.330702,25.352646,42.33339
train/ID1496750796.jpg,2015/8/14,Vic,Ryegrass_Clover,0.68,2.0,1.7727,5.3182,12.4091,19.5,14.1818,/notebooks/kaggle/csiro/train/ID1496750796.jpg,0,11.23242,2.9099514,4.607266,14.417857,21.459496
train/ID1498398599.jpg,2015/9/4,Tas,Clover,0.36,2.1667,11.0375,5.6471,1.2834,17.9681,12.321,/notebooks/kaggle/csiro/train/ID1498398599.jpg,0,1.4044132,6.8241143,7.2257013,8.436984,17.17596
train/ID1509266870.jpg,2015/8/14,Vic,Ryegrass_Clover,0.77,4.0,2.775,2.775,27.75,33.3,30.525,/notebooks/kaggle/csiro/train/ID1509266870.jpg,0,24.496555,3.1947694,3.475574,28.867538,33.687107
train/ID1510574031.jpg,2015/10/14,Vic,Phalaris_Clover_Ryegrass_Barleygrass_Bromegrass,0.51,5.1667,7.2336,14.4672,19.4992,41.2,26.7328,/notebooks/kaggle/csiro/train/ID1510574031.jpg,0,20.456518,7.4683867,26.672583,30.702827,59.383324
train/ID1512751450.jpg,2015/9/11,Tas,Ryegrass,0.77,3.8333,0.3786,9.6678,19.656,29.7024,20.0346,/notebooks/kaggle/csiro/train/ID1512751450.jpg,2,22.409077,0.34584063,16.621428,21.647604,39.58863
train/ID1513184765.jpg,2015/6/26,Tas,Ryegrass_Clover,0.41,1.0,0.0,5.0118,6.1574,11.1692,6.1574,/notebooks/kaggle/csiro/train/ID1513184765.jpg,4,5.859603,0.17566028,5.9634743,5.85695,12.744883
train/ID1515990019.jpg,2015/9/3,Tas,Ryegrass_Clover,0.41,2.1667,0.0,1.3,11.9,13.2,11.9,/notebooks/kaggle/csiro/train/ID1515990019.jpg,2,9.71802,0.13533989,1.8300692,10.124872,14.35589
train/ID1516374298.jpg,2015/7/8,WA,Clover,0.3,1.0,9.0,0.0,1.7,10.7,10.7,/notebooks/kaggle/csiro/train/ID1516374298.jpg,3,1.2760308,10.075977,0.14000204,10.03561,11.670336
train/ID152157478.jpg,2015/9/29,Vic,Ryegrass_Clover,0.84,17.0,35.1643,7.9034,64.3724,107.44,99.5366,/notebooks/kaggle/csiro/train/ID152157478.jpg,1,61.55834,26.80769,6.344162,94.87485,107.45547
train/ID1525817840.jpg,2015/8/18,Vic,Phalaris_Clover,0.72,3.8,7.7677,32.3656,20.0667,60.2,27.8344,/notebooks/kaggle/csiro/train/ID1525817840.jpg,4,26.575191,7.4369373,19.213339,35.845192,57.811638
train/ID1540480250.jpg,2015/2/24,NSW,Phalaris,0.58,20.0,0.0,3.6485,116.7515,120.4,116.7515,/notebooks/kaggle/csiro/train/ID1540480250.jpg,2,79.568954,0.119449005,13.254076,77.26961,100.62956
train/ID1545077474.jpg,2015/11/9,Tas,Ryegrass_Clover,0.4,3.5,0.0,19.2,8.8,28.0,8.8,/notebooks/kaggle/csiro/train/ID1545077474.jpg,2,7.5892043,0.5172173,23.984379,7.597082,28.364735
train/ID1547945326.jpg,2015/9/3,Tas,Ryegrass_Clover,0.74,2.1667,6.2816,4.2493,10.7156,21.2465,16.9972,/notebooks/kaggle/csiro/train/ID1547945326.jpg,2,17.384819,7.414765,5.784398,25.421814,33.054977
train/ID1559189397.jpg,2015/5/7,NSW,Lucerne,0.56,23.0,0.0,1.0805,22.4195,23.5,22.4195,/notebooks/kaggle/csiro/train/ID1559189397.jpg,0,20.70023,0.28008235,2.1057537,25.355715,29.996086
train/ID1563418511.jpg,2015/2/24,NSW,Phalaris,0.7,34.0,0.0,4.5904,107.1096,111.7,107.1096,/notebooks/kaggle/csiro/train/ID1563418511.jpg,2,107.38871,0.23552258,4.9380593,107.8715,119.43595
train/ID1570190541.jpg,2015/11/9,Tas,Clover,0.55,2.3333,16.6157,7.8376,0.1568,24.61,16.7724,/notebooks/kaggle/csiro/train/ID1570190541.jpg,2,0.5027715,20.938084,11.729505,20.160522,33.927345
train/ID1573329652.jpg,2015/1/15,NSW,Fescue_CrumbWeed,0.61,6.0,0.0,19.2015,22.2985,41.5,22.2985,/notebooks/kaggle/csiro/train/ID1573329652.jpg,4,27.632076,0.06595712,15.0794,26.414898,43.2955
train/ID1574125908.jpg,2015/2/24,NSW,Ryegrass,0.42,7.0,0.0,3.5379,43.1621,46.7,43.1621,/notebooks/kaggle/csiro/train/ID1574125908.jpg,2,38.03605,0.11982611,4.0636454,39.537865,48.70294
train/ID157479394.jpg,2015/2/24,NSW,Phalaris,0.69,37.0,0.0,4.8579,129.3421,134.2,129.3421,/notebooks/kaggle/csiro/train/ID157479394.jpg,2,119.91165,0.08384949,5.124178,119.04768,136.68945
train/ID1579942839.jpg,2015/9/4,Tas,Clover,0.66,2.5,14.886,2.6661,3.3327,20.8848,18.2186,/notebooks/kaggle/csiro/train/ID1579942839.jpg,0,1.5702872,13.999168,4.120281,15.733484,22.440035
train/ID158170916.jpg,2015/11/10,Tas,Ryegrass_Clover,0.91,8.8333,5.3547,33.0205,69.6107,107.9859,74.9654,/notebooks/kaggle/csiro/train/ID158170916.jpg,1,54.044807,7.4633884,27.002975,72.861305,106.55998
train/ID1590632667.jpg,2015/11/9,Tas,Ryegrass_Clover,0.7,3.8333,3.1807,24.2887,31.2284,58.6978,34.4091,/notebooks/kaggle/csiro/train/ID1590632667.jpg,2,27.360453,3.0081205,18.211132,30.499994,52.157825
train/ID1618145129.jpg,2015/11/10,Tas,Ryegrass_Clover,0.84,4.1667,0.0,10.3826,37.1257,47.5083,37.1257,/notebooks/kaggle/csiro/train/ID1618145129.jpg,1,41.394775,0.37798285,8.773033,41.841385,54.059
train/ID1618597318.jpg,2015/9/3,Tas,Ryegrass_Clover,0.65,2.1667,1.1195,2.239,33.0259,36.3845,34.1454,/notebooks/kaggle/csiro/train/ID1618597318.jpg,2,24.564346,0.41593885,3.6657035,24.478477,30.396967
train/ID1620371305.jpg,2015/9/30,Vic,Phalaris_Clover,0.79,10.0,17.0913,6.4092,57.0895,80.59,74.1808,/notebooks/kaggle/csiro/train/ID1620371305.jpg,3,42.35923,13.401707,7.960622,61.573177,77.97513
train/ID162394992.jpg,2015/2/24,NSW,Ryegrass,0.61,9.0,0.0,1.8459,47.2541,49.1,47.2541,/notebooks/kaggle/csiro/train/ID162394992.jpg,2,40.556946,0.09464608,10.673159,39.42765,56.440147
train/ID1623964968.jpg,2015/11/9,Tas,Ryegrass_Clover,0.44,2.3333,10.0977,21.4983,19.5439,51.1398,29.6415,/notebooks/kaggle/csiro/train/ID1623964968.jpg,2,16.83804,10.917972,20.99852,29.340816,54.16127
train/ID1624268863.jpg,2015/1/15,NSW,Fescue_CrumbWeed,0.56,4.0,0.0,10.168,22.932,33.1,22.932,/notebooks/kaggle/csiro/train/ID1624268863.jpg,4,18.486362,0.13516074,13.300184,19.747032,33.256416
train/ID1634731537.jpg,2015/11/9,Tas,Clover,0.64,3.3333,19.9619,6.8619,0.0,26.8238,19.9619,/notebooks/kaggle/csiro/train/ID1634731537.jpg,2,0.4426849,26.451803,10.304354,24.4361,36.312096
train/ID1638922597.jpg,2015/6/29,Tas,WhiteClover,0.65,3.0,10.5353,21.3479,0.2772,32.1605,10.8126,/notebooks/kaggle/csiro/train/ID1638922597.jpg,1,1.0259887,12.49893,19.776253,13.599014,38.125244
train/ID1645161155.jpg,2015/9/4,Tas,Ryegrass_Clover,0.7,4.5,0.0,40.6841,19.0515,59.7356,19.0516,/notebooks/kaggle/csiro/train/ID1645161155.jpg,0,21.802408,0.24675663,36.60943,22.130026,57.61097
train/ID1655778545.jpg,2015/5/7,NSW,Fescue,0.62,5.0,0.0,17.0357,30.6643,47.7,30.6643,/notebooks/kaggle/csiro/train/ID1655778545.jpg,0,34.09228,0.7680254,14.230358,35.650524,53.750313
train/ID1665142816.jpg,2015/7/1,Vic,Phalaris_Clover,0.73,4.0,3.7714,4.7143,24.5143,33.0,28.2857,/notebooks/kaggle/csiro/train/ID1665142816.jpg,3,18.388695,5.3552637,5.0212903,26.460405,35.653694
train/ID1667778338.jpg,2015/8/14,Vic,Ryegrass_Clover,0.77,5.0,3.9,9.75,29.25,42.9,33.15,/notebooks/kaggle/csiro/train/ID1667778338.jpg,0,24.39257,5.6617775,4.0155764,31.883509,37.46574
train/ID1671844336.jpg,2015/6/26,Tas,Ryegrass_Clover,0.68,3.0,0.8024,8.4248,12.0354,21.2625,12.8377,/notebooks/kaggle/csiro/train/ID1671844336.jpg,4,11.406489,1.5151653,10.22182,12.710415,24.667538
train/ID1675365449.jpg,2015/9/30,Vic,Phalaris_Clover,0.79,16.0,1.4833,12.2372,89.7395,103.46,91.2228,/notebooks/kaggle/csiro/train/ID1675365449.jpg,3,69.725044,2.1351426,10.15122,72.174904,87.361404
train/ID1680597197.jpg,2015/2/25,NSW,Fescue,0.69,12.0,0.0,8.6171,84.1829,92.8,84.1829,/notebooks/kaggle/csiro/train/ID1680597197.jpg,0,96.932434,0.17708491,8.826193,97.9238,106.86221
train/ID1692894460.jpg,2015/11/9,Tas,Clover,0.69,3.5,30.1768,14.7741,0.3143,45.2652,30.4912,/notebooks/kaggle/csiro/train/ID1692894460.jpg,2,0.8138816,30.895924,13.666957,32.298676,48.3278
train/ID1693880739.jpg,2015/6/26,Vic,Phalaris_Ryegrass_Clover,0.85,4.0,0.0,4.7385,30.4615,35.2,30.4615,/notebooks/kaggle/csiro/train/ID1693880739.jpg,4,25.566723,0.43611926,5.582693,27.455526,35.054012
train/ID1703304524.jpg,2015/11/10,Tas,Ryegrass_Clover,0.86,7.0,2.5821,46.4778,47.7689,96.8288,50.351,/notebooks/kaggle/csiro/train/ID1703304524.jpg,1,42.572807,1.8886428,25.87347,48.75422,78.00886
train/ID1717006117.jpg,2015/10/14,Vic,Phalaris_Clover_Ryegrass_Barleygrass_Bromegrass,0.57,6.1667,18.0129,18.9135,32.8735,69.8,50.8865,/notebooks/kaggle/csiro/train/ID1717006117.jpg,0,24.774887,10.7151575,27.23505,37.032227,67.99924
train/ID1729002155.jpg,2015/10/6,NSW,Fescue,0.34,5.6667,0.0,20.7462,19.8538,40.6,19.8538,/notebooks/kaggle/csiro/train/ID1729002155.jpg,1,18.451366,0.097858444,23.935059,17.98526,40.94034
train/ID1746343319.jpg,2015/11/9,Tas,Ryegrass_Clover,0.35,2.5,0.6,18.0,6.9,25.5,7.5,/notebooks/kaggle/csiro/train/ID1746343319.jpg,2,6.157347,1.9433239,14.425144,10.07597,26.518623
train/ID1753847361.jpg,2015/9/30,Vic,Phalaris_Clover,0.83,17.0,34.9938,3.5437,51.2725,89.81,86.2663,/notebooks/kaggle/csiro/train/ID1753847361.jpg,3,44.224236,32.14886,5.068696,88.942795,97.581055
train/ID1761544403.jpg,2015/8/21,WA,Clover,0.54,1.0,32.64,0.0,0.0,32.64,32.64,/notebooks/kaggle/csiro/train/ID1761544403.jpg,2,1.496798,18.526968,0.5920018,19.581556,22.735382
train/ID1781353117.jpg,2015/5/18,Tas,Ryegrass,0.69,4.0,1.7583,11.0291,15.185,27.9724,16.9433,/notebooks/kaggle/csiro/train/ID1781353117.jpg,3,18.295929,2.9629686,13.709986,22.338406,38.145046
train/ID1782509721.jpg,2015/10/6,NSW,Fescue,0.39,8.0,0.0,26.2626,30.1374,56.4,30.1374,/notebooks/kaggle/csiro/train/ID1782509721.jpg,1,27.727253,0.20136358,25.649483,29.114634,56.531284
train/ID1782608354.jpg,2015/9/1,WA,Ryegrass,0.81,17.0,0.07,0.0,72.1,72.17,72.17,/notebooks/kaggle/csiro/train/ID1782608354.jpg,1,65.14805,0.1287524,0.17699936,73.29079,64.51096
train/ID1783499590.jpg,2015/6/26,Vic,Ryegrass,0.8,5.5,1.1385,18.2154,13.6615,33.0154,14.8,/notebooks/kaggle/csiro/train/ID1783499590.jpg,4,11.270258,0.68176126,15.351427,14.081185,32.73532
train/ID1784585001.jpg,2015/11/9,Tas,Clover,0.8,4.5,35.0394,12.3111,3.788,51.1386,38.8275,/notebooks/kaggle/csiro/train/ID1784585001.jpg,2,2.4477413,37.11047,13.670478,45.54524,60.44443
train/ID1789265307.jpg,2015/11/9,Tas,Clover,0.87,7.1667,69.8783,19.3509,1.0751,90.3042,70.9533,/notebooks/kaggle/csiro/train/ID1789265307.jpg,2,1.3824524,63.560658,19.616238,74.12103,96.03198
train/ID1789834546.jpg,2015/10/14,Vic,Phalaris_Clover_Ryegrass_Barleygrass_Bromegrass,0.52,4.1667,6.5244,14.8756,21.4,42.8,27.9244,/notebooks/kaggle/csiro/train/ID1789834546.jpg,0,21.319965,1.7178088,23.221134,23.79134,51.23854
train/ID1789853061.jpg,2015/8/18,Vic,Phalaris_Clover,0.87,5.2,12.9283,7.5415,36.6302,57.1,49.5585,/notebooks/kaggle/csiro/train/ID1789853061.jpg,4,30.55944,18.71742,6.2824497,56.05363,66.19331
train/ID1831254380.jpg,2015/11/9,Tas,Clover,0.84,5.3333,71.7865,15.758,0.8754,88.42,72.662,/notebooks/kaggle/csiro/train/ID1831254380.jpg,2,0.8646642,60.655308,19.409472,62.442413,82.49165
train/ID1839139621.jpg,2015/5/18,Tas,Ryegrass,0.8,8.0,0.0,10.3894,31.5263,41.9157,31.5264,/notebooks/kaggle/csiro/train/ID1839139621.jpg,3,39.179966,0.03328508,9.5431795,37.453934,52.905346
train/ID1853508321.jpg,2015/9/3,Tas,Ryegrass_Clover,0.45,1.6667,0.0,1.1786,28.5232,29.7018,28.5232,/notebooks/kaggle/csiro/train/ID1853508321.jpg,2,27.23212,0.17350675,1.6327951,28.015064,30.278042
train/ID1857489997.jpg,2015/7/1,Vic,Phalaris_Clover,0.66,3.0,2.3478,2.3478,13.3043,18.0,15.6522,/notebooks/kaggle/csiro/train/ID1857489997.jpg,3,12.841064,2.888237,4.2972164,16.226696,23.009752
train/ID1859251563.jpg,2015/1/15,NSW,Lucerne,0.83,70.0,0.0,6.9,119.6,126.5,119.6,/notebooks/kaggle/csiro/train/ID1859251563.jpg,4,96.51274,0.23202315,6.592997,106.64172,117.2593
train/ID1859792585.jpg,2015/5/18,Tas,Ryegrass,0.62,4.0,0.7708,30.83,22.6087,54.2095,23.3794,/notebooks/kaggle/csiro/train/ID1859792585.jpg,3,18.931492,1.235917,31.341215,21.59251,56.142
train/ID1868719645.jpg,2015/7/2,Vic,Ryegrass_Clover,0.77,4.0,4.8348,2.4174,20.5478,27.8,25.3826,/notebooks/kaggle/csiro/train/ID1868719645.jpg,2,17.58603,3.0565355,3.404008,20.736156,26.121527
train/ID187238869.jpg,2015/9/29,Vic,Ryegrass_Clover,0.75,4.0,11.8881,2.972,28.9098,43.77,40.798,/notebooks/kaggle/csiro/train/ID187238869.jpg,1,27.82909,10.602079,4.3971386,40.962605,49.851013
train/ID1874904894.jpg,2015/10/13,Vic,Phalaris_BarleyGrass_SilverGrass_SpearGrass_Clover_Capeweed,0.3,3.0,0.0,29.1542,4.1458,33.3,4.1458,/notebooks/kaggle/csiro/train/ID1874904894.jpg,0,7.863244,1.2899032,31.20816,8.914917,40.00833
train/ID1876271942.jpg,2015/2/24,NSW,Ryegrass,0.68,10.0,0.0,8.3614,47.9386,56.3,47.9386,/notebooks/kaggle/csiro/train/ID1876271942.jpg,2,49.462463,0.063059986,9.49215,47.47119,61.840572
train/ID1880764911.jpg,2015/5/18,Tas,Ryegrass,0.52,5.0,5.9821,21.9343,15.1546,43.0709,21.1367,/notebooks/kaggle/csiro/train/ID1880764911.jpg,3,12.277632,1.8874098,29.151154,15.081669,43.99723
train/ID1888700589.jpg,2015/7/8,WA,Clover,0.64,2.0,1.62,0.0,20.9,22.52,22.52,/notebooks/kaggle/csiro/train/ID1888700589.jpg,3,10.5042515,1.9318988,0.7705736,16.949753,20.063646
train/ID1889150649.jpg,2015/9/1,WA,SubcloverLosa,0.32,1.0,2.48,0.0,0.0,2.48,2.48,/notebooks/kaggle/csiro/train/ID1889150649.jpg,1,0.105837196,3.900191,0.09655741,4.0112925,4.712635
train/ID1894998379.jpg,2015/10/13,Vic,Phalaris_BarleyGrass_SilverGrass_SpearGrass_Clover_Capeweed,0.42,4.3,13.4778,35.0985,8.4236,57.0,21.9015,/notebooks/kaggle/csiro/train/ID1894998379.jpg,0,10.948843,9.697959,26.044544,19.650557,48.7469
train/ID1899025384.jpg,2015/6/26,Tas,Ryegrass_Clover,0.7,4.0,0.4133,8.6803,11.1604,20.254,11.5737,/notebooks/kaggle/csiro/train/ID1899025384.jpg,4,13.168619,0.2765947,14.816219,13.289747,30.69754
train/ID1920959057.jpg,2015/7/2,Vic,Ryegrass_Clover,0.74,3.0,3.5619,2.6714,12.4667,18.7,16.0286,/notebooks/kaggle/csiro/train/ID1920959057.jpg,2,14.913676,2.9086637,3.066986,18.342533,23.079832
train/ID193102215.jpg,2015/4/1,NSW,Lucerne,0.66,32.0,0.0,0.0,22.8,22.8,22.8,/notebooks/kaggle/csiro/train/ID193102215.jpg,1,23.608704,0.06443546,0.21733434,25.151054,26.539782
train/ID1946311744.jpg,2015/9/29,Vic,Ryegrass_Clover,0.83,8.0,28.5594,2.8017,40.3989,71.76,68.9583,/notebooks/kaggle/csiro/train/ID1946311744.jpg,1,30.381454,28.612722,2.6711159,67.34219,72.531715
train/ID194823383.jpg,2015/7/8,WA,Clover,0.66,3.0,4.91,0.0,20.8,25.71,25.71,/notebooks/kaggle/csiro/train/ID194823383.jpg,3,8.146638,9.929277,0.82435,27.26513,32.59297
train/ID1948354837.jpg,2015/1/15,NSW,Fescue_CrumbWeed,0.63,5.0,0.0,14.4659,19.0341,33.5,19.0341,/notebooks/kaggle/csiro/train/ID1948354837.jpg,4,18.438858,0.035860926,13.905478,19.988121,33.77629
train/ID1952813879.jpg,2015/6/26,Vic,Ryegrass,0.68,3.5,0.5875,8.225,3.525,12.3375,4.1125,/notebooks/kaggle/csiro/train/ID1952813879.jpg,4,3.9538796,1.0848212,9.021661,5.5265083,16.025867
train/ID1953171547.jpg,2015/9/4,Tas,Ryegrass_Clover,0.44,5.5,0.692,58.7479,15.989,75.4289,16.681,/notebooks/kaggle/csiro/train/ID1953171547.jpg,0,16.29919,0.06419054,64.370926,15.249365,64.8996
train/ID1953218650.jpg,2015/11/10,Tas,Ryegrass_Clover,0.5,3.1667,3.8,5.2,6.7,15.7,10.5,/notebooks/kaggle/csiro/train/ID1953218650.jpg,1,5.900962,5.624442,6.277663,11.437895,19.674541
train/ID1954669045.jpg,2015/6/30,Vic,Phalaris_Clover,0.78,2.8,6.859,10.469,18.772,36.1,25.631,/notebooks/kaggle/csiro/train/ID1954669045.jpg,3,15.527128,7.03662,8.561704,25.275295,39.20172
train/ID1962197151.jpg,2015/4/1,NSW,Lucerne,0.72,35.0,0.0,0.0,22.0,22.0,22.0,/notebooks/kaggle/csiro/train/ID1962197151.jpg,1,22.938602,0.07338311,0.23766758,25.574043,26.885635
train/ID1962379474.jpg,2015/11/10,Tas,Ryegrass_Clover,0.55,5.1667,1.4451,40.1734,17.341,58.9595,18.7861,/notebooks/kaggle/csiro/train/ID1962379474.jpg,1,15.247905,1.0672793,29.250088,17.195671,46.866352
train/ID1963715583.jpg,2015/7/8,WA,Clover,0.16,1.0,0.34,0.0,0.7,1.04,1.04,/notebooks/kaggle/csiro/train/ID1963715583.jpg,3,0.79077417,0.49175662,0.12886348,0.999215,1.2614975
train/ID196516535.jpg,2015/5/18,Tas,Ryegrass,0.45,3.0,0.5231,24.8461,9.0231,34.3923,9.5462,/notebooks/kaggle/csiro/train/ID196516535.jpg,3,10.973486,0.32897407,24.951004,10.360656,36.181503
train/ID1970522802.jpg,2015/5/7,NSW,Fescue,0.55,4.0,0.0,13.5089,32.8911,46.4,32.8911,/notebooks/kaggle/csiro/train/ID1970522802.jpg,0,26.525047,0.33396772,12.105102,27.054081,42.346313
train/ID1976436386.jpg,2015/10/14,Vic,Phalaris_Clover_Ryegrass_Barleygrass_Bromegrass,0.52,6.0,7.9555,25.2703,26.6742,59.9,34.6297,/notebooks/kaggle/csiro/train/ID1976436386.jpg,0,31.121471,4.1479526,25.907358,39.590427,70.35959
train/ID1980675327.jpg,2015/6/26,Tas,Ryegrass_Clover,0.59,1.0,2.6598,9.0024,14.7312,26.3934,17.391,/notebooks/kaggle/csiro/train/ID1980675327.jpg,4,12.244586,3.110803,8.057262,16.184164,27.483862
train/ID1982662138.jpg,2015/4/1,NSW,Lucerne,0.79,33.0,0.0,1.1594,35.9406,37.1,35.9406,/notebooks/kaggle/csiro/train/ID1982662138.jpg,1,48.393776,0.019266004,0.7386271,44.955235,48.36294
train/ID1988033238.jpg,2015/8/18,Vic,Phalaris_Clover,0.76,3.2,4.8803,12.4718,21.1479,38.5,26.0282,/notebooks/kaggle/csiro/train/ID1988033238.jpg,4,20.396751,6.0771484,11.060648,27.481346,42.610256
train/ID1989506559.jpg,2015/11/10,Tas,Ryegrass_Clover,0.8,4.3333,15.202,8.1077,28.377,51.6867,43.579,/notebooks/kaggle/csiro/train/ID1989506559.jpg,1,21.940926,15.476237,5.894032,43.681847,51.64953
train/ID1993907137.jpg,2015/5/18,Tas,Ryegrass,0.5,3.0,0.1834,12.8356,15.9528,28.9718,16.1362,/notebooks/kaggle/csiro/train/ID1993907137.jpg,3,13.910943,0.878534,24.619652,14.649187,40.780613
train/ID1997244125.jpg,2015/6/26,Tas,Ryegrass_Clover,0.4,3.0,0.0,46.0672,4.1536,50.2208,4.1536,/notebooks/kaggle/csiro/train/ID1997244125.jpg,4,7.7556076,0.25578135,51.44832,7.509804,50.971085
train/ID2002797732.jpg,2015/7/1,Vic,Phalaris_Clover,0.66,2.0,0.55,3.3,9.35,13.2,9.9,/notebooks/kaggle/csiro/train/ID2002797732.jpg,3,12.116657,2.3968587,4.221713,14.485167,20.558762
train/ID2003438517.jpg,2015/7/2,Vic,Ryegrass_Clover,0.74,4.0,5.2,2.08,13.52,20.8,18.72,/notebooks/kaggle/csiro/train/ID2003438517.jpg,2,14.601429,4.062581,2.5796096,20.441814,24.438494
train/ID2006686196.jpg,2015/10/14,Vic,Phalaris_Clover_Ryegrass_Barleygrass_Bromegrass,0.46,9.3333,0.0,38.8581,28.0419,66.9,28.0419,/notebooks/kaggle/csiro/train/ID2006686196.jpg,0,37.752827,0.494705,28.098087,38.821358,76.99454
train/ID2010625680.jpg,2015/7/8,WA,Clover,0.75,3.0,37.5911,0.0,5.0589,42.65,42.65,/notebooks/kaggle/csiro/train/ID2010625680.jpg,3,4.1131063,38.41515,0.515326,39.64669,41.940125
train/ID2014192906.jpg,2015/6/26,Vic,Ryegrass,0.63,3.0,0.5,7.0,3.0,10.1912,3.5,/notebooks/kaggle/csiro/train/ID2014192906.jpg,4,3.4333532,0.2565413,9.775465,3.7737153,13.458834
train/ID2030696575.jpg,2015/11/9,Tas,Clover,0.31,1.1667,2.1,2.6,1.6,6.3,3.7,/notebooks/kaggle/csiro/train/ID2030696575.jpg,2,1.9007484,2.1270726,4.5627747,4.4210567,9.292433
train/ID2037861084.jpg,2015/6/30,Vic,Phalaris_Clover,0.77,3.8,0.0,12.2169,28.6831,40.9,28.6831,/notebooks/kaggle/csiro/train/ID2037861084.jpg,3,28.504879,0.28675082,12.835202,27.712452,44.949368
train/ID2048645043.jpg,2015/6/26,Vic,Ryegrass,0.76,4.0,4.186,11.5116,10.4651,26.1628,14.6512,/notebooks/kaggle/csiro/train/ID2048645043.jpg,4,12.153447,4.282651,8.249868,17.350883,30.585667
train/ID2052442675.jpg,2015/5/19,Tas,Ryegrass_Clover,0.43,2.0,0.0,2.7,14.5,17.2,14.5,/notebooks/kaggle/csiro/train/ID2052442675.jpg,4,12.557966,0.17998911,1.7111725,13.475799,15.807041
train/ID2052993274.jpg,2015/2/24,NSW,Phalaris,0.66,32.0,0.0,1.7764,103.6236,105.4,103.6236,/notebooks/kaggle/csiro/train/ID2052993274.jpg,2,110.48188,0.16652307,2.2977278,114.26012,113.914116
train/ID2053315094.jpg,2015/2/25,NSW,Fescue,0.57,12.0,0.0,17.8111,50.8889,68.7,50.8889,/notebooks/kaggle/csiro/train/ID2053315094.jpg,0,61.273937,0.07859306,20.133142,58.027813,87.285835
train/ID2056023629.jpg,2015/2/25,NSW,Fescue,0.68,12.0,0.0,25.1357,57.6643,82.8,57.6643,/notebooks/kaggle/csiro/train/ID2056023629.jpg,0,57.220905,0.2805598,16.288801,59.68966,81.81126
train/ID2056982009.jpg,2015/9/29,Vic,Ryegrass_Clover,0.72,3.0,4.0868,1.5598,30.8534,36.5,34.9402,/notebooks/kaggle/csiro/train/ID2056982009.jpg,1,29.336208,3.6137118,2.390757,33.520958,37.353966
train/ID2069766023.jpg,2015/6/26,Tas,Ryegrass_Clover,0.44,5.0,1.8208,32.7742,6.1907,40.7857,8.0115,/notebooks/kaggle/csiro/train/ID2069766023.jpg,4,6.8280506,0.6554264,30.11821,7.528632,35.541737
train/ID2086966681.jpg,2015/6/29,Tas,WhiteClover,0.57,3.0,3.804,30.7245,1.7557,36.2842,5.5597,/notebooks/kaggle/csiro/train/ID2086966681.jpg,1,1.7912453,4.586489,25.372272,7.217022,30.98437
train/ID2089023774.jpg,2015/9/29,Vic,Ryegrass_Clover,0.81,5.0,17.5189,1.3042,33.4869,52.31,51.0058,/notebooks/kaggle/csiro/train/ID2089023774.jpg,1,21.792208,23.213549,2.2114234,54.849316,58.91224
train/ID2091439402.jpg,2015/6/26,Vic,Phalaris_Ryegrass_Clover,0.82,3.5,1.0962,4.9327,22.4712,28.5,23.5673,/notebooks/kaggle/csiro/train/ID2091439402.jpg,4,21.741087,0.96337867,6.2122974,23.960629,31.85101
train/ID2096636211.jpg,2015/10/13,Vic,Phalaris_BarleyGrass_SilverGrass_SpearGrass_Clover_Capeweed,0.38,2.8,2.6,32.2,11.4,46.2,14.0,/notebooks/kaggle/csiro/train/ID2096636211.jpg,0,11.023773,4.3281517,26.588577,16.244265,47.695324
train/ID2099464826.jpg,2015/10/6,NSW,Fescue,0.65,10.6667,0.0,25.28,69.52,94.8,69.52,/notebooks/kaggle/csiro/train/ID2099464826.jpg,1,48.158764,0.06370183,32.80685,47.956326,82.61304
train/ID2099742797.jpg,2015/7/2,Vic,Ryegrass_Clover,0.75,2.0,4.14,1.38,15.18,20.7,19.32,/notebooks/kaggle/csiro/train/ID2099742797.jpg,2,17.645508,3.2558932,3.2256632,21.175909,25.717382
train/ID210865340.jpg,2015/7/1,Tas,Ryegrass,0.67,4.0,0.0,9.0731,12.9966,22.0697,12.9966,/notebooks/kaggle/csiro/train/ID210865340.jpg,3,15.517059,0.6123213,12.098875,15.602213,29.935863
train/ID212206250.jpg,2015/7/8,WA,Clover,0.3,1.0,7.32,0.0,2.4,9.72,9.72,/notebooks/kaggle/csiro/train/ID212206250.jpg,3,0.9466508,10.4373665,0.048437092,11.263929,12.54219
train/ID212206832.jpg,2015/6/26,Vic,Ryegrass,0.75,3.0,0.7014,13.3262,5.6924,19.72,6.3938,/notebooks/kaggle/csiro/train/ID212206832.jpg,4,5.9690733,0.64126337,11.118107,6.7992787,19.320784
train/ID2125100696.jpg,2015/8/14,Vic,Phalaris_Clover,0.8,5.0,14.8364,4.9455,34.6182,54.4,49.4545,/notebooks/kaggle/csiro/train/ID2125100696.jpg,0,20.171265,14.62645,3.4094512,40.996292,48.33748
train/ID2131261930.jpg,2015/11/9,Tas,Ryegrass_Clover,0.73,4.5,6.744,42.7122,31.4721,80.9283,38.2161,/notebooks/kaggle/csiro/train/ID2131261930.jpg,2,27.148418,7.940983,26.88173,38.625465,69.505295
train/ID21377800.jpg,2015/6/26,Tas,Ryegrass_Clover,0.59,4.0,0.48,28.3224,9.1208,37.9232,9.6008,/notebooks/kaggle/csiro/train/ID21377800.jpg,4,10.020211,0.26581866,28.981785,10.289071,39.51095
train/ID2145635095.jpg,2015/7/1,Tas,Ryegrass,0.73,6.0,0.0,17.5621,22.7022,40.2643,22.7022,/notebooks/kaggle/csiro/train/ID2145635095.jpg,3,24.663836,0.059061255,17.334105,23.525055,44.619186
train/ID227847873.jpg,2015/9/29,Vic,Ryegrass_Clover,0.71,3.0,8.6387,7.5836,23.9377,40.16,32.5764,/notebooks/kaggle/csiro/train/ID227847873.jpg,1,26.199991,8.197261,4.6437907,35.360527,43.045204
train/ID230058600.jpg,2015/8/21,WA,Clover,0.67,3.0,46.83,0.0,0.0,46.83,46.83,/notebooks/kaggle/csiro/train/ID230058600.jpg,2,8.275274,20.58739,3.5804892,35.488525,44.34812
train/ID249042826.jpg,2015/9/4,Tas,Clover,0.53,2.8333,10.6616,3.8769,1.8,16.3385,12.4615,/notebooks/kaggle/csiro/train/ID249042826.jpg,0,1.5251365,10.046132,8.19207,11.624683,21.988285
train/ID257822026.jpg,2015/11/10,Tas,Ryegrass_Clover,0.59,7.1667,0.0,58.125,24.0,82.125,24.0,/notebooks/kaggle/csiro/train/ID257822026.jpg,1,23.159475,0.035659995,60.13024,23.944824,79.041626
train/ID290369222.jpg,2015/5/18,Tas,Ryegrass,0.85,8.0,0.0,11.4741,40.8478,52.3219,40.8478,/notebooks/kaggle/csiro/train/ID290369222.jpg,3,39.708416,0.1721276,15.214289,40.44432,61.376694
train/ID294150104.jpg,2015/9/29,Vic,Ryegrass_Clover,0.78,3.0,13.9876,3.167,20.5855,37.74,34.573,/notebooks/kaggle/csiro/train/ID294150104.jpg,1,14.101785,17.006926,2.8867345,36.67388,42.407642
train/ID307060225.jpg,2015/6/26,Tas,Ryegrass_Clover,0.53,2.0,0.3031,15.6092,14.2453,30.1575,14.5484,/notebooks/kaggle/csiro/train/ID307060225.jpg,4,13.179763,0.61368716,15.5607395,13.634216,32.89979
train/ID315357834.jpg,2015/7/1,Tas,Ryegrass,0.83,6.0,0.0,5.7792,27.2448,33.024,27.2448,/notebooks/kaggle/csiro/train/ID315357834.jpg,3,28.54281,0.12073134,12.578623,27.185795,43.576324
train/ID317990700.jpg,2015/9/4,Tas,Ryegrass_Clover,0.75,5.5,0.0,38.1288,27.5062,65.635,27.5062,/notebooks/kaggle/csiro/train/ID317990700.jpg,0,27.47932,0.100174844,39.984673,27.259956,68.35329
train/ID325799913.jpg,2015/10/13,Vic,Phalaris_BarleyGrass_SilverGrass_SpearGrass_Clover_Capeweed,0.37,3.2,2.797,19.2502,11.3527,33.4,14.1498,/notebooks/kaggle/csiro/train/ID325799913.jpg,0,8.534318,4.955571,22.28013,12.82893,37.768116
train/ID332742639.jpg,2015/8/18,Vic,Phalaris_Clover,0.77,2.5,6.4127,3.3949,19.9924,29.8,26.4051,/notebooks/kaggle/csiro/train/ID332742639.jpg,4,12.057635,5.119275,7.1361723,16.797031,26.985361
train/ID342818398.jpg,2015/9/29,Vic,Ryegrass_Clover,0.72,3.0,24.0237,3.1815,13.8948,41.1,37.9185,/notebooks/kaggle/csiro/train/ID342818398.jpg,1,12.087955,25.0019,2.1889062,41.914536,46.843773
train/ID344618040.jpg,2015/5/18,Tas,Ryegrass,0.6,4.0,0.0,6.7327,14.9081,21.6408,14.9081,/notebooks/kaggle/csiro/train/ID344618040.jpg,3,15.392535,0.0934916,6.6072845,15.018032,25.95129
train/ID353424190.jpg,2015/2/25,NSW,Fescue,0.41,6.0,0.0,6.2143,22.7857,29.0,22.7857,/notebooks/kaggle/csiro/train/ID353424190.jpg,0,27.335503,0.11852082,9.782738,26.899376,41.590576
train/ID353997899.jpg,2015/6/30,Vic,Phalaris_Clover,0.68,3.0,9.5934,35.7574,7.8492,53.2,17.4426,/notebooks/kaggle/csiro/train/ID353997899.jpg,3,9.833783,7.6653967,14.153596,18.80508,39.09629
train/ID354528442.jpg,2015/2/24,NSW,Ryegrass,0.68,10.0,0.0,8.3077,56.4923,64.8,56.4923,/notebooks/kaggle/csiro/train/ID354528442.jpg,2,52.630585,0.29773992,8.529347,52.924686,70.88726
train/ID363069566.jpg,2015/5/19,Tas,Ryegrass_Clover,0.68,3.0,0.2,5.5,12.5,18.2,12.7,/notebooks/kaggle/csiro/train/ID363069566.jpg,4,10.966671,0.7598026,6.7579484,12.434906,21.329882
train/ID364856705.jpg,2015/9/3,Tas,Ryegrass_Clover,0.85,3.3333,2.7638,4.6064,34.0871,41.4573,36.8509,/notebooks/kaggle/csiro/train/ID364856705.jpg,2,27.377953,2.910506,8.592304,33.487617,46.52795
train/ID380752847.jpg,2015/9/1,WA,Ryegrass,0.81,14.0,0.0,0.0,58.98,58.98,58.98,/notebooks/kaggle/csiro/train/ID380752847.jpg,1,52.264034,0.31289864,0.63397443,58.335693,56.341385
train/ID383231615.jpg,2015/6/26,Vic,Phalaris_Ryegrass_Clover,0.86,4.0,3.1698,5.7057,24.7245,33.6,27.8943,/notebooks/kaggle/csiro/train/ID383231615.jpg,4,19.665058,2.6657953,5.450321,27.343807,34.310345
train/ID384648061.jpg,2015/10/6,NSW,Fescue,0.85,14.6667,0.0,27.7164,157.9836,185.7,157.9836,/notebooks/kaggle/csiro/train/ID384648061.jpg,1,116.58766,0.18277256,20.674456,124.954765,143.04065
train/ID386216505.jpg,2015/8/14,Vic,Phalaris_Clover,0.63,4.0,3.0667,7.6667,21.4667,32.2,24.5333,/notebooks/kaggle/csiro/train/ID386216505.jpg,0,14.705869,6.1542296,5.5220456,26.318779,38.731155
train/ID397994621.jpg,2015/5/7,NSW,Fescue,0.86,9.0,0.0,0.0,81.0,81.0,81.0,/notebooks/kaggle/csiro/train/ID397994621.jpg,0,82.630135,0.28188443,5.105729,82.933556,89.203354
train/ID407646960.jpg,2015/2/25,NSW,Fescue,0.59,11.0,0.0,35.5862,71.9138,107.5,71.9138,/notebooks/kaggle/csiro/train/ID407646960.jpg,0,67.757645,0.16115944,27.021317,68.79646,107.38775
train/ID40849327.jpg,2015/8/21,WA,Clover,0.81,4.0,51.97,0.0,0.0,51.97,51.97,/notebooks/kaggle/csiro/train/ID40849327.jpg,2,0.6963873,53.007195,0.836326,53.7325,60.823044
train/ID415656958.jpg,2015/6/26,Vic,Ryegrass,0.71,4.0,1.0707,11.2424,4.8182,17.1313,5.8889,/notebooks/kaggle/csiro/train/ID415656958.jpg,4,4.2917376,1.9028141,7.8920193,6.916852,18.585972
train/ID423506847.jpg,2015/8/18,Vic,Phalaris_Clover,0.84,5.0,0.9821,10.8036,43.2143,55.0,44.1964,/notebooks/kaggle/csiro/train/ID423506847.jpg,4,42.627098,1.1772494,11.825086,44.85253,59.848564
train/ID429799190.jpg,2015/10/13,Vic,Phalaris_BarleyGrass_SilverGrass_SpearGrass_Clover_Capeweed,0.44,4.5,5.9241,21.8114,16.9645,44.7,22.8886,/notebooks/kaggle/csiro/train/ID429799190.jpg,0,16.472939,5.4875603,23.999134,24.305944,50.49543
train/ID431471530.jpg,2015/4/1,NSW,Lucerne,0.78,32.0,0.0,1.2764,45.5236,46.8,45.5236,/notebooks/kaggle/csiro/train/ID431471530.jpg,1,42.9512,0.068663284,1.1503668,46.909042,52.898716
train/ID443091455.jpg,2015/10/14,Vic,Phalaris_Clover_Ryegrass_Barleygrass_Bromegrass,0.66,4.6667,22.2594,11.9858,26.2547,60.5,48.5142,/notebooks/kaggle/csiro/train/ID443091455.jpg,0,25.59646,19.382292,18.67267,45.043617,67.51785
train/ID4464212.jpg,2015/5/18,Tas,Ryegrass,0.87,6.0,2.3192,8.1172,28.4103,38.8467,30.7295,/notebooks/kaggle/csiro/train/ID4464212.jpg,3,31.696518,0.9858821,9.507391,36.374245,49.413013
train/ID471758347.jpg,2015/8/14,Vic,Phalaris_Clover,0.74,6.0,0.0,3.3222,26.5778,29.9,26.5778,/notebooks/kaggle/csiro/train/ID471758347.jpg,0,29.001074,1.211096,3.0424757,29.04576,32.765316
train/ID473494649.jpg,2015/9/1,WA,SubcloverDalkeith,0.54,1.0,10.88,0.0,0.0,10.88,10.88,/notebooks/kaggle/csiro/train/ID473494649.jpg,1,0.08492608,14.707479,0.27459085,13.138114,14.305796
train/ID475010202.jpg,2015/9/1,WA,SubcloverLosa,0.71,1.0,36.76,0.0,0.0,36.76,36.76,/notebooks/kaggle/csiro/train/ID475010202.jpg,1,0.10307973,43.14853,0.48454678,37.29621,40.02623
train/ID482555369.jpg,2015/7/1,Tas,Ryegrass,0.34,3.0,0.0,15.9,2.5,18.4,2.5,/notebooks/kaggle/csiro/train/ID482555369.jpg,3,3.0804908,0.20161355,12.382304,3.3849878,17.425999
train/ID48303557.jpg,2015/6/26,Tas,Ryegrass_Clover,0.8,4.0,0.0,13.2399,60.0887,73.3286,60.0887,/notebooks/kaggle/csiro/train/ID48303557.jpg,4,47.92145,0.90704566,12.07914,42.923668,57.324123
train/ID488873801.jpg,2015/6/26,Tas,Ryegrass_Clover,0.62,2.0,0.7552,8.3076,22.9088,31.9716,23.664,/notebooks/kaggle/csiro/train/ID488873801.jpg,4,16.591755,2.2103949,7.345759,21.630302,30.288355
train/ID490139972.jpg,2015/5/18,Tas,Ryegrass,0.79,9.0,0.0,9.9537,35.9864,45.9401,35.9864,/notebooks/kaggle/csiro/train/ID490139972.jpg,3,34.597195,0.16026556,8.418154,34.291035,46.312668
train/ID498304885.jpg,2015/5/7,NSW,Lucerne,0.67,24.0,0.0,7.4132,22.4868,29.9,22.4868,/notebooks/kaggle/csiro/train/ID498304885.jpg,0,23.140388,0.071604386,5.821898,23.42566,34.748642
train/ID50027657.jpg,2015/8/14,Vic,Phalaris_Clover,0.76,4.0,7.2429,3.6214,39.8357,50.7,47.0786,/notebooks/kaggle/csiro/train/ID50027657.jpg,0,26.02796,9.179918,3.9853969,37.365707,44.104515
train/ID520514019.jpg,2015/7/2,Vic,Ryegrass_Clover,0.73,3.0,1.687,3.3739,14.3391,19.4,16.0261,/notebooks/kaggle/csiro/train/ID520514019.jpg,2,15.007841,2.7225497,3.697328,18.259178,24.124203
train/ID528010569.jpg,2015/8/18,Vic,Phalaris_Clover,0.85,3.8,7.1746,7.1746,30.8508,45.2,38.0254,/notebooks/kaggle/csiro/train/ID528010569.jpg,4,30.625952,4.100187,8.1500225,36.369614,48.14994
train/ID529933668.jpg,2015/8/18,Vic,Phalaris_Clover,0.82,6.3,4.0159,7.2286,39.3556,50.6,43.3714,/notebooks/kaggle/csiro/train/ID529933668.jpg,4,43.152985,2.1545558,11.909979,46.197296,60.77132
train/ID534966093.jpg,2015/8/14,Vic,Ryegrass_Clover,0.75,4.0,7.6364,7.6364,26.7273,42.0,34.3636,/notebooks/kaggle/csiro/train/ID534966093.jpg,0,20.5266,3.7998729,4.8583484,25.1484,32.847507
train/ID54128926.jpg,2015/11/10,Tas,Ryegrass_Clover,0.77,6.8333,0.0,24.4653,39.1446,63.6099,39.1446,/notebooks/kaggle/csiro/train/ID54128926.jpg,1,31.314829,0.22714235,23.077126,31.765625,56.051666
train/ID544444725.jpg,2015/10/6,NSW,Fescue,0.59,13.0,0.0,44.5775,60.9225,105.5,60.9225,/notebooks/kaggle/csiro/train/ID544444725.jpg,1,61.629753,0.05502123,44.85762,62.9145,107.08643
train/ID545360459.jpg,2015/9/1,WA,Ryegrass,0.71,10.0,0.0,0.0,47.73,47.73,47.73,/notebooks/kaggle/csiro/train/ID545360459.jpg,1,39.893497,0.05476649,0.92539805,42.32452,44.52056
train/ID550623196.jpg,2015/9/3,Tas,Ryegrass_Clover,0.67,1.5,1.581,4.1107,15.9684,21.6601,17.5494,/notebooks/kaggle/csiro/train/ID550623196.jpg,2,11.130991,2.828933,6.045196,14.9578495,24.406979
train/ID552040066.jpg,2015/2/24,NSW,Phalaris,0.37,7.0,0.0,6.592,24.108,30.7,24.108,/notebooks/kaggle/csiro/train/ID552040066.jpg,2,28.601337,0.24512511,7.841202,26.976892,41.447052
train/ID554314721.jpg,2015/1/15,NSW,Lucerne,0.69,49.0,0.0,2.7,50.9,53.6,50.9,/notebooks/kaggle/csiro/train/ID554314721.jpg,4,45.70562,0.1974784,4.00045,46.834167,53.68966
train/ID560946727.jpg,2015/9/11,Tas,Ryegrass,0.74,3.6667,0.0,13.0842,21.0896,34.1738,21.0896,/notebooks/kaggle/csiro/train/ID560946727.jpg,2,23.90462,0.13429287,15.857989,22.36163,40.228703
train/ID566966892.jpg,2015/7/1,Vic,Phalaris_Clover,0.66,3.0,0.9714,3.8857,15.5429,20.4,16.5143,/notebooks/kaggle/csiro/train/ID566966892.jpg,3,16.427963,0.60272837,3.3007908,17.251709,22.39682
train/ID567744300.jpg,2015/9/3,Tas,Ryegrass_Clover,0.57,2.3333,0.0,2.1953,20.6355,22.8308,20.6355,/notebooks/kaggle/csiro/train/ID567744300.jpg,2,18.700426,0.48910296,2.9250321,19.710604,25.449821
train/ID572336285.jpg,2015/11/9,Tas,Ryegrass_Clover,0.68,3.0,22.5242,26.1571,18.8913,67.5726,41.4155,/notebooks/kaggle/csiro/train/ID572336285.jpg,2,12.751737,15.600296,15.211187,31.026823,52.54156
train/ID574213894.jpg,2015/11/10,Tas,Ryegrass_Clover,0.88,8.0,31.2684,28.8632,25.6561,85.7877,56.9246,/notebooks/kaggle/csiro/train/ID574213894.jpg,1,15.200456,39.305008,22.103893,67.560585,99.7914
train/ID576137678.jpg,2015/7/1,Tas,Ryegrass,0.59,4.0,0.0,33.0159,12.6389,45.6548,12.6389,/notebooks/kaggle/csiro/train/ID576137678.jpg,3,13.381025,0.18935631,27.039705,14.142878,43.46614
train/ID576621307.jpg,2015/1/15,NSW,Lucerne,0.73,63.0,0.0,2.4,60.2,62.6,60.2,/notebooks/kaggle/csiro/train/ID576621307.jpg,4,53.22487,0.18712033,2.5861478,57.29754,60.37981
train/ID577112774.jpg,2015/9/1,WA,SubcloverDalkeith,0.49,1.0,10.23,0.0,0.0,10.23,10.23,/notebooks/kaggle/csiro/train/ID577112774.jpg,1,0.038635403,8.609486,0.23244566,8.347372,9.661802
train/ID587125778.jpg,2015/6/29,Tas,WhiteClover,0.54,2.0,4.0911,25.3648,1.6364,31.0923,5.7275,/notebooks/kaggle/csiro/train/ID587125778.jpg,1,1.0180873,7.2271404,29.896698,8.964432,36.257862
train/ID588120964.jpg,2015/10/6,NSW,Fescue,0.68,17.6667,0.0,35.1746,83.9254,119.1,83.9254,/notebooks/kaggle/csiro/train/ID588120964.jpg,1,87.961044,0.04620283,32.781464,90.53411,123.694275
train/ID600602588.jpg,2015/8/14,Vic,Phalaris_Clover,0.73,4.0,2.1111,2.1111,33.7778,38.0,35.8889,/notebooks/kaggle/csiro/train/ID600602588.jpg,0,30.360943,2.5032043,6.3250155,31.40542,40.436325
train/ID605134229.jpg,2015/6/26,Tas,Ryegrass_Clover,0.63,2.0,3.6166,3.6166,3.3755,10.6087,6.9921,/notebooks/kaggle/csiro/train/ID605134229.jpg,4,3.7006564,3.4405506,5.5784035,8.250966,14.50796
train/ID610397481.jpg,2015/7/8,WA,Clover,0.62,1.0,20.6513,0.0,3.0787,23.73,23.73,/notebooks/kaggle/csiro/train/ID610397481.jpg,3,3.3507588,22.894241,0.44024962,23.069054,25.11469
train/ID617132135.jpg,2015/5/19,Tas,Ryegrass_Clover,0.47,3.0,0.8,4.7,11.1,16.6,11.9,/notebooks/kaggle/csiro/train/ID617132135.jpg,4,6.7934475,1.1810615,5.735078,9.48177,18.43618
train/ID61833032.jpg,2015/6/30,Vic,Phalaris_Clover,0.8,4.8,0.0,19.6123,41.4877,61.1,41.4877,/notebooks/kaggle/csiro/train/ID61833032.jpg,3,37.287727,0.087406725,18.763744,36.596176,61.316006
train/ID6269659.jpg,2015/11/9,Tas,Clover,0.75,4.8333,35.9533,16.3424,2.3346,54.6304,38.2879,/notebooks/kaggle/csiro/train/ID6269659.jpg,2,2.2199826,34.09364,17.258797,41.2738,61.656895
train/ID629980789.jpg,2015/7/1,Vic,Phalaris_Clover,0.77,6.0,1.6069,8.0345,36.9586,46.6,38.5655,/notebooks/kaggle/csiro/train/ID629980789.jpg,3,38.97584,2.3731637,6.179639,40.764126,50.305252
train/ID633775166.jpg,2015/10/13,Vic,Phalaris_BarleyGrass_SilverGrass_SpearGrass_Clover_Capeweed,0.36,4.3,2.812,23.277,7.8111,33.9,10.623,/notebooks/kaggle/csiro/train/ID633775166.jpg,0,8.518054,1.8855114,23.510342,10.567185,33.961754
train/ID638711343.jpg,2015/5/18,Tas,Ryegrass,0.76,7.0,0.0,4.3212,31.3284,35.6496,31.3285,/notebooks/kaggle/csiro/train/ID638711343.jpg,3,30.738941,0.062555626,8.869996,29.25205,42.953487
train/ID656251220.jpg,2015/9/11,Tas,Ryegrass,0.58,2.8333,3.7538,5.3961,6.3606,15.5104,10.1143,/notebooks/kaggle/csiro/train/ID656251220.jpg,2,6.1547575,1.8787317,6.0528393,8.642384,16.235785
train/ID657448172.jpg,2015/6/29,Tas,WhiteClover,0.39,1.0,1.6,2.9,0.2,4.7,1.8,/notebooks/kaggle/csiro/train/ID657448172.jpg,1,0.21686144,2.4655635,5.185366,2.7693837,8.535787
train/ID661372352.jpg,2015/7/8,WA,Clover,0.26,1.0,0.0,0.0,10.4,10.4,10.4,/notebooks/kaggle/csiro/train/ID661372352.jpg,3,7.488988,0.3422532,0.4247807,9.668761,11.763868
train/ID661817669.jpg,2015/7/1,Vic,Phalaris_Clover,0.7,3.0,1.4577,13.1192,23.3231,37.9,24.7808,/notebooks/kaggle/csiro/train/ID661817669.jpg,3,26.10178,3.4716797,6.769429,29.82815,39.372787
train/ID663006174.jpg,2015/1/15,NSW,Lucerne,0.66,49.0,0.0,5.8,44.6,50.4,44.6,/notebooks/kaggle/csiro/train/ID663006174.jpg,4,43.908936,0.32153454,4.209678,49.551956,55.01058
train/ID667059550.jpg,2015/8/14,Vic,Phalaris_Clover,0.79,9.0,8.1529,8.1529,52.9941,69.3,61.1471,/notebooks/kaggle/csiro/train/ID667059550.jpg,0,47.177643,4.972123,6.0360823,50.80742,58.8787
train/ID668330410.jpg,2015/9/11,Tas,Ryegrass,0.82,5.3333,0.0,19.0828,28.9181,48.0009,28.9181,/notebooks/kaggle/csiro/train/ID668330410.jpg,2,34.19271,0.12273833,17.32163,33.659283,54.319763
train/ID668475812.jpg,2015/5/7,NSW,Lucerne,0.78,42.0,0.0,52.9301,34.0699,87.0,34.0699,/notebooks/kaggle/csiro/train/ID668475812.jpg,0,34.172813,0.10503237,49.962883,37.37194,89.49191
train/ID670276799.jpg,2015/1/15,NSW,Fescue_CrumbWeed,0.66,6.0,0.0,23.1943,21.9057,45.1,21.9057,/notebooks/kaggle/csiro/train/ID670276799.jpg,4,20.866936,0.28485262,19.732687,22.603714,41.534214
train/ID679913293.jpg,2015/6/26,Tas,Ryegrass_Clover,0.53,3.0,0.2146,14.3782,6.6526,21.2454,6.8672,/notebooks/kaggle/csiro/train/ID679913293.jpg,4,5.7221727,0.25502023,15.204863,5.8536057,21.905823
train/ID681680726.jpg,2015/8/21,WA,Clover,0.66,1.0,45.85,0.0,0.0,45.85,45.85,/notebooks/kaggle/csiro/train/ID681680726.jpg,2,0.36840314,51.406487,0.2354984,47.321907,49.103523
train/ID684062938.jpg,2015/10/6,NSW,Fescue,0.6,14.3333,0.0,33.5863,73.0137,106.6,73.0137,/notebooks/kaggle/csiro/train/ID684062938.jpg,1,71.642784,0.11006062,25.119095,72.78294,103.030685
train/ID684383343.jpg,2015/10/14,Vic,Phalaris_Clover_Ryegrass_Barleygrass_Bromegrass,0.48,4.5,11.7404,16.7719,19.2877,47.8,31.0281,/notebooks/kaggle/csiro/train/ID684383343.jpg,0,16.099846,13.805689,23.977869,30.656693,58.97734
train/ID686797154.jpg,2015/9/3,Tas,Ryegrass_Clover,0.8,2.5,3.5026,5.2539,23.6424,32.3988,27.145,/notebooks/kaggle/csiro/train/ID686797154.jpg,2,28.646082,3.7996716,10.291098,33.1062,45.829765
train/ID697059386.jpg,2015/6/29,Tas,WhiteClover,0.67,2.0,10.9589,7.8827,0.769,19.6107,11.728,/notebooks/kaggle/csiro/train/ID697059386.jpg,1,0.53594893,11.14158,11.44946,11.135451,27.419737
train/ID697718693.jpg,2015/8/21,WA,Clover,0.81,4.0,58.88,0.0,0.0,58.88,58.88,/notebooks/kaggle/csiro/train/ID697718693.jpg,2,1.5008122,52.4637,0.8142829,52.759823,61.25396
train/ID698608346.jpg,2015/2/25,NSW,Fescue,0.55,8.0,0.0,19.8809,38.5191,58.4,38.5191,/notebooks/kaggle/csiro/train/ID698608346.jpg,0,38.236115,0.15094325,15.541265,39.238197,63.133583
train/ID706288721.jpg,2015/7/1,Tas,Ryegrass,0.8,7.0,0.0,8.8161,27.0782,35.8943,27.0781,/notebooks/kaggle/csiro/train/ID706288721.jpg,3,32.754124,0.10210822,8.6179,31.187166,43.641617
train/ID710341728.jpg,2015/1/15,NSW,Fescue_CrumbWeed,0.84,11.0,0.0,7.9809,53.5191,61.5,53.5191,/notebooks/kaggle/csiro/train/ID710341728.jpg,4,49.24993,0.33900404,8.40119,48.3079,60.88275
train/ID71885430.jpg,2015/2/25,NSW,Fescue,0.68,18.0,0.0,18.566,79.834,98.4,79.834,/notebooks/kaggle/csiro/train/ID71885430.jpg,0,79.78842,0.15128814,15.857338,80.341095,103.3417
train/ID72895391.jpg,2015/7/2,Vic,Ryegrass_Clover,0.7,2.0,1.9867,3.9733,8.94,14.9,10.9267,/notebooks/kaggle/csiro/train/ID72895391.jpg,2,8.719769,5.7568145,2.2248666,16.151377,20.46974
train/ID740402124.jpg,2015/9/30,Vic,Phalaris_Clover,0.76,8.0,18.1624,6.3568,40.0708,64.59,58.2332,/notebooks/kaggle/csiro/train/ID740402124.jpg,3,44.249794,8.980308,7.247367,57.658295,69.66496
train/ID742198710.jpg,2015/5/18,Tas,Ryegrass,0.83,10.0,0.0,13.8443,40.1485,53.9928,40.1485,/notebooks/kaggle/csiro/train/ID742198710.jpg,3,36.86091,0.1608673,10.140308,35.951836,50.522747
train/ID743847993.jpg,2015/6/30,Vic,Phalaris_Clover,0.81,4.6,0.0,17.6378,32.5622,50.2,32.5622,/notebooks/kaggle/csiro/train/ID743847993.jpg,3,35.40669,0.27814022,13.274419,34.538445,52.5914
train/ID746335827.jpg,2015/10/6,NSW,Fescue,0.75,24.3333,0.0,53.2603,112.8397,166.1,112.8397,/notebooks/kaggle/csiro/train/ID746335827.jpg,1,82.55127,0.0027438381,34.231983,85.66175,122.407715
train/ID748979397.jpg,2015/11/9,Tas,Clover,0.77,3.8333,43.2687,18.1125,0.0,61.3813,43.2687,/notebooks/kaggle/csiro/train/ID748979397.jpg,2,0.42152956,45.78516,17.61052,44.627705,62.93617
train/ID750820644.jpg,2015/5/18,Tas,Ryegrass,0.74,5.0,0.0,38.9588,28.2559,67.2147,28.2558,/notebooks/kaggle/csiro/train/ID750820644.jpg,3,24.479258,0.07109466,29.347198,24.067911,55.900085
train/ID751517087.jpg,2015/8/18,Vic,Phalaris_Clover,0.86,5.2,16.73,11.95,43.02,71.7,59.75,/notebooks/kaggle/csiro/train/ID751517087.jpg,4,41.99163,15.835832,11.967957,56.775993,70.648544
train/ID753699705.jpg,2015/2/24,NSW,Ryegrass,0.74,13.0,0.0,8.1541,72.6459,80.8,72.6459,/notebooks/kaggle/csiro/train/ID753699705.jpg,2,59.476093,0.48154265,8.2598915,61.128735,78.05787
train/ID755710743.jpg,2015/9/11,Tas,Ryegrass,0.67,2.0,2.1841,8.2099,8.4829,18.877,10.667,/notebooks/kaggle/csiro/train/ID755710743.jpg,2,11.71244,2.2051816,7.4931602,12.851448,21.937855
train/ID761508093.jpg,2015/6/26,Vic,Mixed,0.66,4.0,0.0,30.8,20.5333,51.3333,20.5333,/notebooks/kaggle/csiro/train/ID761508093.jpg,4,15.79645,0.328197,24.543602,16.195303,41.985664
train/ID779628955.jpg,2015/9/1,WA,SubcloverLosa,0.79,1.0,47.32,0.0,0.0,47.32,47.32,/notebooks/kaggle/csiro/train/ID779628955.jpg,1,0.18216927,66.23561,0.24381766,58.727413,59.185577
train/ID7850481.jpg,2015/9/1,WA,SubcloverLosa,0.69,1.0,19.57,0.0,0.0,19.57,19.57,/notebooks/kaggle/csiro/train/ID7850481.jpg,1,0.024978958,19.346237,0.020925889,20.110956,19.478937
train/ID786365141.jpg,2015/5/18,Tas,Ryegrass,0.41,3.0,0.0,3.3,6.8,10.1,6.8,/notebooks/kaggle/csiro/train/ID786365141.jpg,3,7.192855,0.08602982,3.399907,6.697111,11.516231
train/ID789169173.jpg,2015/4/1,NSW,Lucerne,0.86,37.0,0.0,1.2264,77.8736,79.1,77.8736,/notebooks/kaggle/csiro/train/ID789169173.jpg,1,77.84589,0.063403934,0.967096,79.33582,82.28747
train/ID793526563.jpg,2015/9/29,Vic,Ryegrass_Clover,0.82,18.0,16.7414,4.5597,86.0889,107.39,102.8303,/notebooks/kaggle/csiro/train/ID793526563.jpg,1,77.231155,17.458286,6.4019766,96.043,109.25255
train/ID797502182.jpg,2015/7/1,Tas,Ryegrass,0.43,3.0,0.0,12.6079,6.9746,19.5825,6.9746,/notebooks/kaggle/csiro/train/ID797502182.jpg,3,5.5934954,0.11167236,12.713012,6.268674,21.309317
train/ID799079114.jpg,2015/7/1,Tas,Ryegrass,0.53,4.0,0.0,19.7501,8.0022,27.7523,8.0022,/notebooks/kaggle/csiro/train/ID799079114.jpg,3,9.249321,0.33794993,21.540968,9.426535,29.979431
train/ID802547515.jpg,2015/5/19,Tas,Ryegrass_Clover,0.74,4.0,0.7525,14.5984,18.9629,34.3138,19.7154,/notebooks/kaggle/csiro/train/ID802547515.jpg,4,13.008629,0.8906739,9.826208,14.245253,26.343529
train/ID803479541.jpg,2015/6/26,Tas,Ryegrass_Clover,0.55,2.0,1.0483,22.5374,16.2479,39.8335,17.2961,/notebooks/kaggle/csiro/train/ID803479541.jpg,4,10.30641,1.1404629,21.759098,11.569754,34.752457
train/ID808079729.jpg,2015/9/3,Tas,Ryegrass_Clover,0.77,2.8333,5.6976,8.5464,22.1574,36.4014,27.855,/notebooks/kaggle/csiro/train/ID808079729.jpg,2,21.564323,4.5855246,10.457068,28.600006,41.95392
train/ID808093827.jpg,2015/11/10,Tas,Ryegrass_Clover,0.9,4.3333,19.6769,6.4251,25.2988,51.4008,44.9757,/notebooks/kaggle/csiro/train/ID808093827.jpg,1,29.971798,15.311692,7.9459248,48.923695,59.263474
train/ID8209776.jpg,2015/6/26,Vic,Phalaris_Ryegrass_Clover,0.8,3.0,9.9586,14.108,12.0333,36.1,21.992,/notebooks/kaggle/csiro/train/ID8209776.jpg,4,10.496836,11.815129,11.3370075,22.77838,38.068592
train/ID828217731.jpg,2015/6/26,Vic,Ryegrass,0.69,3.5,0.7978,8.7753,4.7865,14.3596,5.5843,/notebooks/kaggle/csiro/train/ID828217731.jpg,4,5.647175,1.4042428,8.867031,7.6969194,17.895624
train/ID839432753.jpg,2015/9/4,Tas,Clover,0.77,3.6667,24.7968,2.7552,2.4108,29.9628,27.2076,/notebooks/kaggle/csiro/train/ID839432753.jpg,0,1.9905491,25.561327,5.1013403,27.866222,37.081257
train/ID846154859.jpg,2015/9/4,Tas,Clover,0.62,2.8333,16.5413,7.8112,0.919,25.2715,17.4603,/notebooks/kaggle/csiro/train/ID846154859.jpg,0,2.1789472,14.346317,9.281768,17.289465,31.246061
train/ID846984946.jpg,2015/11/9,Tas,Ryegrass_Clover,0.3,1.1667,8.4,8.0,0.6,17.0,9.0,/notebooks/kaggle/csiro/train/ID846984946.jpg,2,1.2753761,6.002598,8.19806,8.099823,17.57085
train/ID853954911.jpg,2015/6/26,Vic,Ryegrass,0.85,6.0,0.0,26.0,23.0,49.0,23.0,/notebooks/kaggle/csiro/train/ID853954911.jpg,4,29.083057,0.3228609,25.018112,30.154377,56.71293
train/ID866684633.jpg,2015/7/8,WA,Clover,0.59,1.0,25.4228,0.0,6.4772,31.9,31.9,/notebooks/kaggle/csiro/train/ID866684633.jpg,3,4.2393217,20.340029,0.11381337,30.721298,32.385567
train/ID871463897.jpg,2015/1/15,NSW,Fescue_CrumbWeed,0.79,12.0,10.0981,19.3547,59.7472,89.2,69.8453,/notebooks/kaggle/csiro/train/ID871463897.jpg,4,56.60228,4.7130356,20.887295,66.77524,87.048904
train/ID875119737.jpg,2015/8/14,Vic,Ryegrass_Clover,0.72,4.0,5.8,5.8,23.2,34.8,29.0,/notebooks/kaggle/csiro/train/ID875119737.jpg,0,17.236855,4.088307,4.3172793,23.90382,31.394047
train/ID885388135.jpg,2015/7/2,Vic,Ryegrass_Clover,0.7,4.0,1.4353,4.3059,18.6588,24.4,20.0941,/notebooks/kaggle/csiro/train/ID885388135.jpg,2,18.662666,1.261261,6.221698,19.173576,28.245016
train/ID896386823.jpg,2015/9/11,Tas,Ryegrass,0.64,3.6667,2.0794,19.7543,12.9541,34.7878,15.0335,/notebooks/kaggle/csiro/train/ID896386823.jpg,2,12.06583,1.7023203,23.57132,13.384201,34.905983
train/ID900012207.jpg,2015/2/24,NSW,Ryegrass,0.58,11.0,0.0,28.0478,36.7522,64.8,36.7522,/notebooks/kaggle/csiro/train/ID900012207.jpg,2,36.735462,0.08994904,27.103592,37.289536,65.63483
train/ID905397692.jpg,2015/9/30,Vic,Phalaris_Clover,0.84,13.0,30.9177,6.1407,36.2016,73.26,67.1193,/notebooks/kaggle/csiro/train/ID905397692.jpg,3,20.54876,35.85806,6.454784,67.458755,80.630844
train/ID908524512.jpg,2015/11/10,Tas,Ryegrass_Clover,0.78,3.1667,11.3043,4.2957,17.4087,33.0087,28.713,/notebooks/kaggle/csiro/train/ID908524512.jpg,1,15.6059,7.2941017,7.61837,24.73982,34.40344
train/ID914754166.jpg,2015/10/13,Vic,Phalaris_BarleyGrass_SilverGrass_SpearGrass_Clover_Capeweed,0.37,2.5,5.4849,14.6759,9.3392,29.5,14.8241,/notebooks/kaggle/csiro/train/ID914754166.jpg,0,11.698381,3.7195823,25.859184,15.338604,40.49631
train/ID930534670.jpg,2015/6/26,Tas,Ryegrass_Clover,0.57,2.0,1.7333,10.5572,20.3265,32.6169,22.0598,/notebooks/kaggle/csiro/train/ID930534670.jpg,4,14.902115,1.6533293,8.553968,19.085667,32.002968
train/ID936984905.jpg,2015/7/1,Vic,Phalaris_Clover,0.79,5.0,4.2636,4.2636,38.3727,46.9,42.6364,/notebooks/kaggle/csiro/train/ID936984905.jpg,3,27.159956,4.044852,5.2968783,31.313633,41.07126
train/ID94564238.jpg,2015/7/2,Vic,Ryegrass_Clover,0.71,2.0,3.9923,3.9923,9.3154,17.3,13.3077,/notebooks/kaggle/csiro/train/ID94564238.jpg,2,9.823056,2.5281994,2.9408135,13.757519,19.14119
train/ID950496197.jpg,2015/9/4,Tas,Clover,0.72,2.6667,17.743,3.2487,2.499,23.4907,20.242,/notebooks/kaggle/csiro/train/ID950496197.jpg,0,2.2281175,15.040235,6.1610527,18.35839,28.251595
train/ID95050718.jpg,2015/6/26,Tas,Ryegrass_Clover,0.65,2.0,2.3081,15.0024,21.3496,38.66,23.6576,/notebooks/kaggle/csiro/train/ID95050718.jpg,4,16.130407,2.9888177,11.603963,19.931442,34.645306
train/ID956512130.jpg,2015/11/9,Tas,Ryegrass_Clover,0.19,1.0,0.0,1.9,2.4,4.3,2.4,/notebooks/kaggle/csiro/train/ID956512130.jpg,2,2.8536496,0.08939438,1.6413666,2.7321815,5.326763
train/ID963903358.jpg,2015/6/26,Vic,Mixed,0.65,3.0,0.0,29.9634,13.8293,43.7927,13.8293,/notebooks/kaggle/csiro/train/ID963903358.jpg,4,19.619053,0.2990409,23.304628,20.458883,46.123756
train/ID968643034.jpg,2015/11/10,Tas,Ryegrass_Clover,0.38,2.6667,1.5,7.6,9.0,18.1,10.5,/notebooks/kaggle/csiro/train/ID968643034.jpg,1,10.462803,1.3695219,13.034892,12.927683,26.802525
train/ID969218269.jpg,2015/8/18,Vic,Phalaris_Clover,0.75,4.0,1.4235,13.5235,33.4529,48.4,34.8765,/notebooks/kaggle/csiro/train/ID969218269.jpg,4,28.209126,0.83630776,14.515539,30.817253,48.89133
train/ID972274220.jpg,2015/11/10,Tas,Ryegrass_Clover,0.56,2.8333,7.4266,5.7388,7.8767,21.0421,15.3034,/notebooks/kaggle/csiro/train/ID972274220.jpg,1,8.413325,12.988722,5.39338,20.474417,28.644264
train/ID975115267.jpg,2015/7/8,WA,Clover,0.73,3.0,40.03,0.0,0.8,40.83,40.83,/notebooks/kaggle/csiro/train/ID975115267.jpg,3,1.0691801,38.651314,0.52486306,35.407627,43.684357
train/ID978026131.jpg,2015/9/4,Tas,Clover,0.83,3.1667,24.6445,4.1948,12.0601,40.8994,36.7046,/notebooks/kaggle/csiro/train/ID978026131.jpg,0,4.9246874,22.874882,6.0304656,33.85034,43.853664
train/ID980538882.jpg,2015/2/24,NSW,Phalaris,0.69,29.0,0.0,1.1457,91.6543,92.8,91.6543,/notebooks/kaggle/csiro/train/ID980538882.jpg,2,107.971275,0.1323587,3.009781,100.41223,106.24571
train/ID980878870.jpg,2015/7/8,WA,Clover,0.74,2.0,32.3575,0.0,2.0325,34.39,34.39,/notebooks/kaggle/csiro/train/ID980878870.jpg,3,1.4144765,32.642082,0.3092668,34.00484,38.61934
train/ID983582017.jpg,2015/9/1,WA,Ryegrass,0.64,9.0,0.0,0.0,40.94,40.94,40.94,/notebooks/kaggle/csiro/train/ID983582017.jpg,1,32.19493,0.08683779,0.9499523,33.490788,34.853706
